condition,gr,exit_lag_rate,N_max
Cond00001,3.1653415141055294,11.496713522943686,0.781001515790743
Cond00002,0.2013866705733237,0.5866933419061077,0.31961621320768174
Cond00003,0.2575696739855802,0.30072789437651076,0.33873459465851125
Cond00004,0.2419035003440901,0.2822751541891726,0.34917278103074095
Cond00005,0.26206717022197434,0.1922207814622887,0.3364004145344723
Cond00006,0.26483193472675604,0.21322728407876929,0.33659536819925867
Cond00007,0.30371389713052477,0.19842916202643618,0.33759528527124055
Cond00008,0.23490023008249375,0.3744332215855251,0.34126511659571324
Cond00009,0.27046740101037114,0.20706051530700081,0.34237372678998623
Cond00010,0.24812349436423548,0.25249995099723593,0.32335602002686775
Cond00011,0.210548211975904,0.8103505236910657,0.33300720021240776
Cond00012,0.20385563362397624,0.7255737450622882,0.3319630875193693
Cond00013,0.20734335553887304,0.6258086259717367,0.33581161772801654
Cond00014,0.1398528445915287,0.13026303360468472,0.16417353692374895
Cond00015,0.10897351202577579,1.0551415962809179,0.18123145843113886
Cond00016,0.33994067105828196,0.4667320021102749,0.46321098928945204
Cond00017,0.37351581198449135,0.2610691937658849,0.4657095366014176
Cond00018,0.25248536221330165,0.2525931769702227,0.26852261693719465
Cond00019,0.24647731572788423,0.2487756280597815,0.3011053880454593
Cond00020,0.23326252684949317,0.3473441471827654,0.3275063203809396
Cond00021,0.26379864205974785,0.16319669776844564,0.310487396560451
Cond00022,0.2549869447830424,0.23472488417850146,0.3179399857832146
Cond00023,0.2938838257439358,0.24095084727384894,0.330076049926392
Cond00024,0.24532512822712954,0.3219481853156855,0.3395624884818043
Cond00025,0.26951011917353385,0.22578976808802645,0.34667425276045927
Cond00026,0.32146888325405987,0.274319232083751,0.3663408944409813
Cond00027,0.22049591530775292,0.3563941430836506,0.33943249702826644
Cond00028,0.21822621799974223,0.3851048167549501,0.3420077071010374
Cond00029,0.3128536715807342,0.24543885328260695,0.39806273254848673
Cond00030,0.2699975123417423,0.28618588735583683,0.3418508999768118
Cond00031,0.24140414517485764,0.27228459127496807,0.32781161707484197
Cond00032,0.2796197174551951,0.24936046624688263,0.34902927176687376
Cond00033,0.2806111796851028,0.29745369217350753,0.3616394350581017
Cond00034,0.26893038456097096,0.21648417367637815,0.3339610339513853
Cond00035,0.2608174189869252,0.23697482823580174,0.33273968731888154
Cond00036,0.3042119896142941,0.21343500957637593,0.3558488441741774
Cond00037,0.29754576400387434,0.21741331227228322,0.3562782885841305
Cond00038,0.29663863472950136,0.05548565716407613,0.3127016839344078
Cond00039,0.3171146037863999,0.07617176673957661,0.3284440068436979
Cond00040,0.21910426451385936,0.5630118790535108,0.3502108616914283
Cond00041,0.25086718945617714,0.5430665863664784,0.4306362656105977
Cond00042,0.22639557318534662,0.29928413398646225,0.3193213887391491
Cond00043,0.2459076211262624,0.2607231091415989,0.3216031090779876
Cond00044,0.2039490221690578,0.21334486504497843,0.31990651643126977
Cond00045,0.23051454169345512,0.06591206788746101,0.31938889231494794
Cond00046,0.22410553579245532,0.41436108424462426,0.33019040416676065
Cond00047,0.2462847442583041,0.48964953318084425,0.3467520619985564
Cond00048,0.29671082374339763,0.10964031583157183,0.3366193890587019
Cond00049,0.2639725983536456,0.08275810348392744,0.3715106544472744
Cond00050,0.24769096635280274,0.29906452313877185,0.3341078603366116
Cond00051,0.2637908174489435,0.3455259595968114,0.35090174673279323
Cond00052,0.2978534543761288,0.18490460452425117,0.3427861047870664
Cond00053,0.33641272436317793,0.1433902775215664,0.4259787721184928
Cond00054,0.2607975900662652,0.20808236279545936,0.32667137852632033
Cond00055,0.25540392903612835,0.3153324317583434,0.33898036122121783
Cond00056,0.2136454846796368,0.353465859142951,0.3424686885935812
Cond00057,0.23087746863742023,0.26205687977087266,0.36676652770266754
Cond00058,0.2519893802731593,0.26366084204336526,0.3343578544314941
Cond00059,0.2666081712004351,0.23829090879733691,0.33604154792984464
Cond00060,0.28324115414845685,0.20274117667761912,0.3411782957551541
Cond00061,0.2871318852832089,0.18646439741952114,0.33704327842015713
Cond00062,2.562508380234988,6.223970525727513,4.085648305978517
Cond00063,0.5875879554830732,9.049708250961976,0.09124410700498825
Cond00064,0.3088531336667519,0.1803435455932776,0.35066144137453636
Cond00065,0.3453291139406809,0.07358187096180663,0.33926325686066866
Cond00066,0.21798326301727633,0.26223635049197375,0.3323440652338008
Cond00067,0.16449296365936997,0.40369556779420024,0.3142647922604776
Cond00068,0.18427582245390456,0.735929119616798,0.30379695878685564
Cond00069,0.3949739381459776,0.05437634524829993,0.32949575438767115
Cond00070,0.3756438372611869,0.03852307309567316,0.32741861455485344
Cond00071,0.2176721953380104,0.35877089347041863,0.33857214776563144
Cond00072,0.2612086372535345,0.28857581852748204,0.35657899355746137
Cond00073,0.26345735720331925,0.29300099234612315,0.3575271379985358
Cond00074,0.3647659719264,0.033283220771171546,0.346620949963191
Cond00075,0.2715945529707211,0.23042956707924306,0.33712627072668244
Cond00076,0.26354264952878814,0.41594371159068755,0.3529186666178584
Cond00077,0.24212631723217296,0.5895730455672613,0.34449811671176556
Cond00078,0.2798622779128352,0.25593735707766235,0.34511957560046413
Cond00079,0.24949372632369998,0.29973428316647677,0.33894397027095113
Cond00080,0.24048763075862642,0.3622833759789034,0.3406722424492035
Cond00081,0.23866079103357574,0.4209396565270658,0.34835870035371985
Cond00082,0.22223390436304913,0.3744767908722913,0.32824837976436333
Cond00083,0.23780715658492124,0.3091511918327755,0.3308033158676178
Cond00084,0.25787742978628336,0.30404294534565285,0.3468925964474323
Cond00085,0.3003293020117179,0.25175722918533616,0.4530641468692696
Cond00086,0.29259422014464403,0.2235955804244823,0.34662986713808364
Cond00087,0.2588535645247821,0.36899970427334255,0.3478852867548311
Cond00088,0.2249447875023084,0.451422457390277,0.35374190630635594
Cond00089,0.18350784183460433,0.34911746944136174,0.3857794581208784
Cond00090,0.3160812940583053,0.1941992821751744,0.3538234196172157
Cond00091,0.32293676257044873,0.22743141795353805,0.340994485651577
Cond00092,0.3350766741326803,0.2832706525027394,0.37400071635442095
Cond00093,0.3324767299104793,0.180661436589939,0.371339196441136
Cond00094,0.27882664179327327,0.24644011782297304,0.34156152578004356
Cond00095,0.2398363037081099,0.3245993332395122,0.32006015925879394
Cond00096,0.2451638247355755,0.3000502117413604,0.33769238960628317
Cond00097,0.2667028654289098,0.2725080112707797,0.383484192876829
Cond00098,0.33643144188175345,0.1937203023461261,0.355729133500689
Cond00099,0.2688110611681919,0.20156518514833846,0.3316465706720449
Cond00100,0.28142816547954497,0.18965211818628402,0.339937366319474
Cond00101,0.27176223526070037,0.2136061647901652,0.3463414323209445
Cond00102,0.245073202375744,0.17107326370251846,0.32806181683360414
Cond00103,0.23442567439369266,0.20547969023420815,0.32843378396756345
Cond00104,0.17599312318357416,0.44325136293337225,0.20262165873770696
Cond00105,0.1059469146722302,0.10205085569918046,0.17232628166361588
Cond00106,0.2610580588742471,0.230435983894573,0.33065629440839955
Cond00107,0.27445870002174977,0.20442100494736493,0.3366328459138435
Cond00108,0.2574631505318976,0.22554616811700445,0.33822897377694644
Cond00109,0.26263416617295204,0.17693808860188828,0.3492611967965262
Cond00110,0.274865268080542,0.2106431952732849,0.3372652018970441
Cond00111,0.22914642733687268,0.28571649026745105,0.3361157598480167
Cond00112,0.29176726765423483,0.21323521092818265,0.34718608316645105
Cond00113,0.2919435892901723,0.17872515702575512,0.3428144263468018
Cond00114,0.28921025175690296,0.17741442365517582,0.33724245977181094
Cond00115,0.2832022087106898,0.1909702192888844,0.3370563290684929
Cond00116,0.2956821491534578,0.1854312256926075,0.3348571242200141
Cond00117,0.24656529073139521,0.19988268063056347,0.3273239491941726
Cond00118,0.2779681665504254,0.2046380899126386,0.3370470724476094
Cond00119,0.2795046846556733,0.2471509443250413,0.3415333151534478
Cond00120,0.2894464716448353,0.19874912593655567,0.33676513769240235
Cond00121,0.2684233506327576,0.2166347317119747,0.3352548556732555
Cond00122,0.26094365994246155,0.2561659336358356,0.3427855406832762
Cond00123,0.2702723316821538,0.24514409125603878,0.34536761141568717
Cond00124,0.2677094418557207,0.23696731127273102,0.3414818171192027
Cond00125,0.27073069679383277,0.21199600397749674,0.33180752369361344
Cond00126,0.25912432446579037,0.2551848995124245,0.343709592171786
Cond00127,0.2774091982500914,0.24169419773501,0.3469874531457693
Cond00128,0.26395525580008455,0.27492523441179656,0.348629943893893
Cond00129,0.2531057557535249,0.30575738149951953,0.34376685554673353
Cond00130,0.24247250796081987,0.2940372990137085,0.3380763413550482
Cond00131,0.2222041329964368,0.41496236022923516,0.33881201905201896
Cond00132,0.25494292004744296,0.28808797271956826,0.34495955724529365
Cond00133,0.3081290648078756,0.11383345857752891,0.3504729016621362
Cond00134,0.2224801237799245,0.37616395340471825,0.308898646535789
Cond00135,0.2285707206564568,0.3566391650918415,0.3282637905009286
Cond00136,0.23558570832671893,0.4243177585160329,0.3423101511728414
Cond00137,0.2292457863629283,0.36276266649862315,0.3339572912410913
Cond00138,0.29733124132523364,0.20199933925120195,0.3424589138860546
Cond00139,0.2668698633172274,0.21276977683544265,0.3284787471099089
Cond00140,0.26499289899819944,0.20902998214215826,0.33079919417739956
Cond00141,0.28009094791343125,0.20596323981880946,0.34496305485753626
Cond00142,0.2648164740929304,0.23275578099132824,0.3354763033785527
Cond00143,0.23876277403655546,0.3249736705353947,0.334499675118104
Cond00144,0.2405048939601245,0.29668370144544254,0.33850840658188464
Cond00145,0.2624860703642027,0.24290299640556354,0.3386711657503958
Cond00146,0.27900420540921667,0.19885368825277253,0.337353680534162
Cond00147,0.26313648377516574,0.22493367596709668,0.3391468533804438
Cond00148,0.275651892899203,0.19718233815211428,0.33998901077013727
Cond00149,0.2847201496142663,0.2162408633973053,0.34643956951886656
Cond00150,0.2746826093427661,0.2116320036650596,0.3312658597000779
Cond00151,0.2642290912610475,0.22743426509629247,0.32987224246648533
Cond00152,0.2914726505747185,0.20467245637458423,0.35391651508305944
Cond00153,0.287170940192698,0.22005856673849056,0.3631076873541956
Cond00154,0.299710475836238,0.15589472767167833,0.3412678854223856
Cond00155,0.31287348900564793,0.19482143575931019,0.34980012011689526
Cond00156,0.2780993434785697,0.2152031113599166,0.3420789774200523
Cond00157,0.283284722089647,0.20815944126933061,0.34508807140820597
Cond00158,0.27592092683168434,0.1921992010390987,0.3360697183943655
Cond00159,0.29283302871164063,0.20370798322303466,0.34383734789244025
Cond00160,0.28345906550234956,0.2158657193574331,0.34138541221149626
Cond00161,0.2891599733712187,0.21079286235099887,0.35083235863993817
Cond00162,0.2752279947821845,0.226002995394588,0.3427892208290873
Cond00163,0.2641756546464055,0.23035546789042372,0.33492992958003787
Cond00164,0.2642167052257111,0.23352959769002826,0.33418763477702984
Cond00165,0.27739683320083075,0.23112433094181442,0.34019947662042993
Cond00166,0.2632685668024357,0.2420417891560337,0.33561621619052995
Cond00167,0.2685343016357356,0.2502306042553086,0.33651928215145793
Cond00168,0.26863950679926457,0.23016068425903363,0.33631081151493736
Cond00169,0.2635067694717424,0.24332910235386432,0.34315904801307406
Cond00170,0.2629727550082925,0.2300580209371792,0.33679389905005697
Cond00171,0.2572749724353614,0.25139606333515085,0.33793732358089745
Cond00172,0.26675876721627384,0.24241714648326784,0.3396594494626292
Cond00173,0.3046122569056856,0.15562610993269763,0.3386535936397879
Cond00174,0.24932494278446318,0.27503883482925806,0.3335209680713472
Cond00175,0.2580243640416057,0.27887964530994225,0.3365478779489003
Cond00176,0.27219734869144796,0.2676772165589482,0.34528483661576204
Cond00177,0.265242277221416,0.24268601406571808,0.34297822173627185
Cond00178,5.023844523719873,8.499554515895184,1.1804337193812906
Cond00179,0.2629001788002306,0.13543597871900007,0.1982215375913467
Cond00180,0.21806528122745406,0.07312296919343103,0.2022893529884586
Cond00181,1.0329415914768094,0.06587756202226387,0.20881433942633698
Cond00182,0.18431844262372835,0.049860339653154805,0.200610208855704
Cond00183,0.2807319794496858,0.05137365001501362,0.19910399627985656
Cond00184,0.2551710798434438,0.05377885606173879,0.19594131749397423
Cond00185,0.21081694761264566,0.06794816896209302,0.19721973086331504
Cond00186,0.1559343794177509,0.04320793130752594,0.18590992353129868
Cond00187,0.13282737862240698,0.3950496072556424,0.18337226552356156
Cond00188,0.12535514788763968,0.39795570968158234,0.19018872342623097
Cond00189,0.18590766598908645,0.20351033341400832,0.20307164885316575
Cond00190,0.2235791393091893,0.25180373176599274,0.21542911874095877
Cond00191,0.14949063140130003,0.06625316587503079,0.18395270871836858
Cond00192,0.28958352248208763,0.05149555460426002,0.2522574830278198
Cond00193,0.3216406647508086,0.059905885270495146,0.3501280057046682
Cond00194,0.44306588808726116,0.011473924520561158,0.2901361746681631
Cond00195,0.20309714987248187,0.17131441323624885,0.19735704407853186
Cond00196,0.24600259625942686,0.13612817499254876,0.2038589764408265
Cond00197,0.22819487225210697,0.15568501472339513,0.20032014276902108
Cond00198,0.22544732034581985,0.16611319104673294,0.20354732874296624
Cond00199,0.30022441026628494,0.04970913759905124,0.19813600691920677
Cond00200,0.2876565726375826,0.044178689174534165,0.1954807042847905
Cond00201,0.2497394480514008,0.05813819838343261,0.19640029624841335
Cond00202,0.19811471692585256,0.03835123922900727,0.2148866442573232
Cond00203,0.18553687835244728,0.0876474702889384,0.1962618478910264
Cond00204,0.18459953323051684,0.09842476270091746,0.20846772600089283
Cond00205,0.20650922464353935,0.11074731731226266,0.2120991846340625
Cond00206,0.24385832836550797,0.09848241696628685,0.25163208073767296
Cond00207,0.1747856638321793,0.09899065220099326,0.1941035116417292
Cond00208,0.18583734338629793,0.07374579449673554,0.19329885950558517
Cond00209,0.17646385103127768,0.09217822782619917,0.19868183191459501
Cond00210,0.17855283288358575,0.10264308876607192,0.20438085605664819
Cond00211,0.2949285104309156,0.06113032897032014,0.19553811384287056
Cond00212,0.23347383153494639,0.07875626368126441,0.19213324224131653
Cond00213,0.30043463195314785,0.07660793423708198,0.19216684770955111
Cond00214,0.23170027881950706,0.06626656437321325,0.19607619737652157
Cond00215,0.20647966388515884,0.05282730973115282,0.20344932067576135
Cond00216,0.20745176065765084,0.06368914925483388,0.19380775351749302
Cond00217,0.2137240091759417,0.09269908408327938,0.19197059651594148
Cond00218,0.23469364656632175,0.0570535563669324,0.19889832005295682
Cond00219,0.18612730058783356,0.1068790949131839,0.2040622026715878
Cond00220,0.17461225993087637,0.10270833526369012,0.19566788961623555
Cond00221,0.17723508144293235,0.06700316369762846,0.20004135556406066
Cond00222,0.24567434223602755,0.005988366660712608,0.2016142553579833
Cond00223,0.17448146126324232,0.11461034427908975,0.20330763716469574
Cond00224,0.18089127462880714,0.12685899315544763,0.20250033991494468
Cond00225,0.17473622425423016,0.20288410059694842,0.2187308575187362
Cond00226,0.24339901736624464,0.06495429408847353,0.2244887984456667
Cond00227,0.2861577425085353,0.03893227405401342,0.20021149981924194
Cond00228,0.2895770132529891,0.03732518762296946,0.20086360502286596
Cond00229,0.28746415976763545,0.054729557516978944,0.20814478860245367
Cond00230,0.27116296803150264,0.0993865590848321,0.22960376640379698
Cond00231,0.2866323410758812,0.065922943221554,0.19744440658962048
Cond00232,0.19183175295544297,0.08003645355007404,0.18919613428798526
Cond00233,0.18284631984944413,0.07687125369253715,0.18901406846464433
Cond00234,0.29707876165606534,0.03853341370882264,0.20751282130535303
Cond00235,0.26038651353503567,0.05036588304889393,0.19738133477480557
Cond00236,0.23897572720159163,0.06692255922864476,0.19892719975421938
Cond00237,0.26844531865526583,0.053978101135948364,0.19717758709027777
Cond00238,0.26297223985849144,0.05234855441672983,0.19869870164369896
Cond00239,0.24052367676080288,0.013488731060518525,0.18600605176195448
Cond00240,0.1848542105335124,0.04775970542830945,0.19644093852030226
Cond00241,0.26769803122901475,0.04735524892961581,0.1975219583696128
Cond00242,0.26829041101635315,0.046139052968043784,0.1975479024134664
Cond00243,0.13964160153999827,0.10435161854407392,0.17949470201632703
Cond00244,0.1495340489695651,0.11473155715687024,0.17968189994927056
Cond00245,0.15101173660685518,0.12036674101047165,0.18431426044142357
Cond00246,0.2159703509702155,0.02793503910476654,0.1924600343629569
Cond00247,0.18230025816887985,0.09355642987151584,0.2002616463384147
Cond00248,0.18050804312446111,0.11440379499453036,0.19814460344190626
Cond00249,0.18908990173172288,0.0833471143720571,0.19869518540228068
Cond00250,0.17200257811025363,0.12205128777429995,0.2005363245948071
Cond00251,0.21823276519495924,0.08161640920911496,0.20335270598777475
Cond00252,0.18102831979147094,0.10858516290936662,0.19856641935484745
Cond00253,0.18488739653048022,0.09641077903931895,0.19482070022739886
Cond00254,0.19725759325146566,0.08481390544622254,0.19857990479971402
Cond00255,0.2434983439121926,0.06938116186060835,0.1955574417057411
Cond00256,0.2037964846732302,0.09114947591417846,0.19809168238892064
Cond00257,0.2153551030270396,0.07905081546422232,0.20105135862273707
Cond00258,0.22896869787830917,0.07912503576310662,0.19846383935541792
Cond00259,0.28110477528798117,0.044376067552064226,0.19566721881064644
Cond00260,0.2585531534000081,0.06621960795692647,0.19831299840323577
Cond00261,0.26864573960737675,0.11168385057735655,0.2244212383361178
Cond00262,0.2909620340955311,0.11764699023415243,0.28684519905162764
Cond00263,0.30289170243193586,0.03943427357317133,0.19652201090469446
Cond00264,0.31961504257148005,0.03406974742197182,0.19572429625105706
Cond00265,0.3521387031891782,0.03464448021369727,0.195096401094905
Cond00266,0.256155468037692,0.05297770521565903,0.20398065041469524
Cond00267,0.3037053096495033,0.033619430963179237,0.18987695260791787
Cond00268,0.26393891491916704,0.052749024124445855,0.19557380420159048
Cond00269,0.31206371681093437,0.034974730864259375,0.20315948095340428
Cond00270,0.3013525885599564,0.03684794388631252,0.20886219082696558
Cond00271,0.2982861022491366,0.030485023021555424,0.1845163282861375
Cond00272,0.2936669165481681,0.03838322267796663,0.18687614335330882
Cond00273,0.25946558576308504,0.0562099435226637,0.18757270668019413
Cond00274,0.3111078907333384,0.0357931950320566,0.20748621554532842
Cond00275,0.20458840380351373,0.07541768078834794,0.1974482940206132
Cond00276,0.2363976343705396,0.07205555515000235,0.19662380341922014
Cond00277,0.26583045393119026,0.05573607509958235,0.20189677102264492
Cond00278,0.23635707299640904,0.06732905391048648,0.20412281342003386
Cond00279,0.23225509522917503,0.07585707611540847,0.19840173838879854
Cond00280,0.23828674315580287,0.06824749740115242,0.20127193555512296
Cond00281,0.12372233592050569,0.1573270236366051,0.1574699985589374
Cond00282,0.25945270575385504,0.001107651856582525,27.256064868521143
Cond00283,0.17211409676165135,0.10850697757583604,0.19666722890100435
Cond00284,0.19395205446041178,0.08803809049007219,0.19768829845364663
Cond00285,0.1881014082548147,0.09572522693421365,0.19471549689618917
Cond00286,0.1715890966942862,0.11046272057649519,0.20245652060507735
Cond00287,0.17042798481070348,0.10557826754727484,0.1976933397120852
Cond00288,0.24673683257914514,0.08748455203366412,0.20103056148053083
Cond00289,0.18490136325157616,0.1030925889180833,0.19946224259180154
Cond00290,0.2585127847233288,0.08164900370774623,0.19911858080359052
Cond00291,2.0375762730346185,0.06997154136831253,4.305591885559812
Cond00292,0.20593875984717772,0.05697946862899686,0.16967741838301784
Cond00293,0.11201613185947307,0.13472435389763038,0.1564999703824835
Cond00294,0.17529286483547268,0.08702007990772041,0.16633041877164018
Cond00295,0.16454877804472848,0.09408613117216763,0.17411881085910808
Cond00296,0.14306251138499892,0.12570061679061442,0.17620344097617216
Cond00297,0.2086613126781309,0.06809290513922125,0.177410887363466
Cond00298,0.1710278259714172,0.08600941297532978,0.18348979887133554
Cond00299,0.2275595089589707,0.06527141437977908,0.1982005384834424
Cond00300,0.22765322037884106,0.07001504519675114,0.19579831679757798
Cond00301,0.26430439251804344,0.05370016312356966,0.19595017425945685
Cond00302,0.26914031055904397,0.0620951543800364,0.19715152761596222
Cond00303,0.2108834076297,0.06768994747261563,0.19370875465354087
Cond00304,0.6035223883794893,0.059105545603759406,0.1952385229618199
Cond00305,0.21820649967657485,0.06900574204077388,0.19407741107414034
Cond00306,0.21859788144637882,0.07243400908816995,0.19832377926440936
Cond00307,0.24625514926914704,0.05039515198977223,0.19460366647101193
Cond00308,0.2557497241093688,0.06406752551395838,0.19679103604205503
Cond00309,0.23500143081695427,0.05758316907503688,0.19530841377114178
Cond00310,0.2746790572103376,0.04558264505202736,0.19741864200786596
Cond00311,0.26953990609870165,0.0416877945460643,0.19546620351735045
Cond00312,0.467104433532009,0.04466108986379025,0.19899742967981032
Cond00313,0.3020947985547731,0.06372335188213533,0.19658864887069205
Cond00314,0.17787107202885277,0.02474656923980719,0.18533080567684382
Cond00315,0.2059768589948188,0.07318987400166475,0.19891710098943718
Cond00316,0.21590155213516965,0.08388889220893364,0.19755836526911144
Cond00317,0.24829653848159466,0.05928353938819765,0.19647069937130057
Cond00318,0.1794523692983191,0.09410072612982152,0.1995303878168818
Cond00319,0.2359183485277091,0.0648366111574801,0.20081798126190906
Cond00320,0.19204413328718462,0.11860328129343561,0.20295213220533265
Cond00321,0.22139240931778795,0.08362396908436992,0.19931100493066317
Cond00322,0.21155164305891178,0.09163632310788075,0.20021467836149426
Cond00323,0.1838182529987657,0.09860927871339428,0.1978897540254326
Cond00324,0.181014815764536,0.09004420674956023,0.19602198349472152
Cond00325,0.17744200124130952,0.09539056452853596,0.1974572099256426
Cond00326,0.21024430861926321,0.08048281276035042,0.19683336684582342
Cond00327,0.20423035968736641,0.08883648620187654,0.19812978138155202
Cond00328,0.16358951556175594,0.11367824864616664,0.19813787985963874
Cond00329,0.18489543631134364,0.08985498537014144,0.1952727769734248
Cond00330,0.15446248022500214,0.13499182989453293,0.19754518434752852
Cond00331,1.585167825882543,0.07431455669852972,0.20078990037325564
Cond00332,0.20930022979632257,0.09207932410042095,0.2046407554044749
Cond00333,1.6910340920093632,0.057933332751985894,0.19904482769019669
Cond00334,0.2633416055663631,0.043352175210741375,0.19751849014670245
Cond00335,0.2797244927897068,0.04109693412512656,0.19895489806380973
Cond00336,0.2654323295037699,0.051842019290985496,0.19704988704030102
Cond00337,0.28202178963403707,0.11795171892383904,0.20369227692645023
Cond00338,0.26630300140726176,0.04784398232451911,0.19891553172059379
Cond00339,0.15542856818628292,0.12475109574702443,0.19656637059338056
Cond00340,0.17835861809859102,0.09126449487116911,0.19987837363786565
Cond00341,1.144298807694479,0.12234326018326452,0.20611629790098904
Cond00342,0.16270303366574745,0.10314795027871616,0.1947384473785039
Cond00343,0.15364820167490537,0.12379320947166117,0.1971170897520043
Cond00344,0.1550773259747017,0.11524095665926347,0.19758079817167806
Cond00345,0.3392462167575132,0.015499423460973598,0.19089634788618437
Cond00346,0.4430293626677008,9.76419812347086e-05,16.801159629363163
Cond00347,0.15742988510924777,0.11157308113698476,0.1960078811992552
Cond00348,0.17080376527266689,0.10114971114554706,0.19704063912437594
Cond00349,0.20350525689106608,0.0979117687062449,0.19391689381128618
Cond00350,0.17546261086585557,0.1033485266662452,0.1968419411302652
Cond00351,0.18242709764628814,0.13454651277091,0.19803489147846196
Cond00352,0.6280180637246816,0.07500034726184723,0.20225443201523846
Cond00353,0.19989447648634728,0.09610098643886138,0.2068015576416417
Cond00354,0.5716028896677483,0.0926746407607123,0.17484653688727925
Cond00355,3.0969003459283906,4.18794700049459,5.091156440428106
Cond00356,0.25450100772649636,0.23782205979759835,0.33363558600325377
Cond00357,0.2953938287180917,0.17444898624481917,0.3390054568276539
Cond00358,0.2393597884653489,0.15530888581476945,0.30850047247691226
Cond00359,0.2747196651270276,0.1131673189091374,0.3519308643307906
Cond00360,0.27869262924871774,0.18590191335873854,0.33744109539781975
Cond00361,0.2727862152298773,0.1991668982155586,0.33806656497899545
Cond00362,0.278726299025011,0.17593221811220902,0.3373173258095231
Cond00363,0.27034980411915654,0.16861815547635087,0.3447344093689653
Cond00364,0.2998958394434278,0.19303098944738717,0.32985688581520084
Cond00365,0.313174785886017,0.17334870738005115,0.3427147645408765
Cond00366,0.3040883611172913,0.14946333180590177,0.33955494986893553
Cond00367,0.27323229618586997,0.14547951914916563,0.33561470385619413
Cond00368,0.09667489074440122,0.24242664011295126,0.1594481133368273
Cond00369,0.12403941656357866,0.33416847053275006,0.17760558755913813
Cond00370,0.4487821001680879,0.14853703726735265,0.4510193379735269
Cond00371,0.42330805216143946,0.08657684934064673,0.45422257708771063
Cond00372,0.3018815878984492,0.2127141659454148,0.30890607919875074
Cond00373,0.24222300913965725,0.21861801656229882,0.3038979606897833
Cond00374,0.28981276783100296,0.21903968400636892,0.35022803873147856
Cond00375,0.28268308814872,0.1537022469741167,0.320808601338074
Cond00376,0.2767066019684866,0.18122162882926887,0.3306068374327431
Cond00377,0.29781535739014897,0.17910270848052834,0.3383311893568801
Cond00378,0.28579350776012036,0.21837844911130452,0.3454912380131489
Cond00379,0.27959780024844805,0.18678586551298715,0.36237985692090624
Cond00380,0.2864985668661073,0.13183816914478172,0.3241023878942731
Cond00381,0.2960003279356999,0.1427973451061035,0.3306330659710937
Cond00382,0.20427530810816585,0.285220308578766,0.3298507287341844
Cond00383,0.3108269736517528,0.1617698379586034,0.37359420659102527
Cond00384,0.3205168562264123,0.13651939211765224,0.33162589709384627
Cond00385,0.28969137815245866,0.1578122088051366,0.3324919327375518
Cond00386,0.32096833991016327,0.15672882457457224,0.34947964669001114
Cond00387,0.31462490158393763,0.17833806789754358,0.35651000305847086
Cond00388,0.2997069868642844,0.13910229827900888,0.3337966585189671
Cond00389,0.27952187333486556,0.15106750975782676,0.3321411642151014
Cond00390,0.31520972935540775,0.1430601316311679,0.35146759028816466
Cond00391,0.29541298828296686,0.14587794198567314,0.3508493686199746
Cond00392,0.3856107453544002,0.02454501181662325,0.33610944200007054
Cond00393,0.29870121258025406,0.04873026443431508,0.31935076088156356
Cond00394,0.22950619217636847,0.35061928908681433,0.34391242981357084
Cond00395,0.2703694909156191,0.31702752636495135,0.4307242616864878
Cond00396,0.28795139783044976,0.17272828987926298,0.3319330221483956
Cond00397,0.29070366816343346,0.16665663613772386,0.3303848492565025
Cond00398,0.2558674738766211,0.09981074590919305,0.30629024097758095
Cond00399,0.1758814334367619,0.05802240137428151,0.2817136506367792
Cond00400,0.26454584892013305,0.26195770469447194,0.3381427976608126
Cond00401,0.28192981410105117,0.24772383571670067,0.3409741650764687
Cond00402,0.3144025068018524,0.04945858418475691,0.3180922424910268
Cond00403,0.4164579631410779,0.02350296272037861,0.38310515331535766
Cond00404,0.23917281386626055,16.670457023196448,10.882188784882961
Cond00405,0.24648735194580362,0.2680038785720973,0.32841018431699903
Cond00406,0.44945752534379135,0.12594536827081196,0.4975507835005295
Cond00407,0.2590080538170565,0.11798878862325239,0.328168052980311
Cond00408,0.27604698896880786,0.19532438318802076,0.3139443233796026
Cond00409,0.36907334239644246,0.18464665783693618,0.35583296181865576
Cond00410,0.2989624044635715,0.14923475713727277,0.33467895398839864
Cond00411,0.32967748481091824,0.1161070370447361,0.34500355507281794
Cond00412,0.12298358992958518,0.16212480079879732,0.1648647834104803
Cond00413,0.130068261200416,0.3565687201313167,0.18154419352068282
Cond00414,0.40883320677413365,0.1781671414796497,0.4624923012902468
Cond00415,0.4203218292451673,0.08064299567124308,0.45407357007874005
Cond00416,0.40649702087037914,0.1456308456014216,0.33551338482464244
Cond00417,0.40635862578294674,0.14975093124674022,0.3124607919209904
Cond00418,0.2794078523497523,0.23652467533464902,0.3447485750969222
Cond00419,0.28360059511434144,0.13312254881768978,0.31698671199987316
Cond00420,0.3426361502968042,0.1511130715227828,0.33724172953977594
Cond00421,0.3013236052554954,0.15044421375174244,0.33471152319186864
Cond00422,0.28373591945671683,0.20920761541570185,0.3421257769289382
Cond00423,0.31059067190221445,0.16502431664534503,0.3608188499156216
Cond00424,0.2964802002525865,0.2264587868677923,0.36194417128873657
Cond00425,0.36647930014998786,0.1988502660252588,0.3597918564881591
Cond00426,0.20880353094254128,0.4608379243369998,0.3444503952698754
Cond00427,0.30047594064283656,0.22733273165774565,0.37827277701140694
Cond00428,0.3342677734612933,0.1840028363144136,0.33970500514867674
Cond00429,0.36606976364245225,0.26301221962075183,0.3806588943450546
Cond00430,0.3436314625012075,0.24181617118463977,0.36262201753629225
Cond00431,0.3146233472619226,0.22193174581542807,0.35792661611123994
Cond00432,0.2667338440288035,0.22201620610787545,0.3319795996613304
Cond00433,0.28737968670210484,0.20678061127359262,0.333325330926423
Cond00434,0.2739860105142664,0.21571134723815064,0.34156095729636327
Cond00435,0.3266068847192676,0.21184169809287867,0.3522914757267657
Cond00436,0.3758419868172867,0.04629797296100896,0.32848739462594445
Cond00437,0.31347268981673354,0.06791782845617857,0.3233024387321566
Cond00438,0.20937574841574788,0.49700870423187155,0.3369951469666031
Cond00439,0.26691961352354676,0.5847613326697094,0.4263726346921178
Cond00440,0.38360568765072406,0.2286054857618567,0.3710141256280768
Cond00441,0.23910161933298038,0.2607677064192331,0.31059089062803025
Cond00442,0.2016948634954167,0.18690375417652974,0.280973537206359
Cond00443,0.18140311332839654,0.056692414531352306,0.24807194614808387
Cond00444,0.2683699325569712,0.48230568312923555,0.3380156187584602
Cond00445,0.2629211608343633,0.47160691758363704,0.3421819296508938
Cond00446,0.250744781988795,0.10859628814614271,0.31248685533782095
Cond00447,0.3617152830548994,0.04010941809537165,0.3686966797587526
Cond00448,0.2920715286445394,0.28387686319876465,0.3441052546646698
Cond00449,0.4078472931242175,0.2757155369384764,0.3960589478032703
Cond00450,0.39747062860930626,0.2808334626588145,0.4017937921517658
Cond00451,0.3679425100269363,0.13593006830096677,0.4170473999873223
Cond00452,0.29742265067790996,0.26643461332905133,0.3423933725690537
Cond00453,0.2840226346628534,0.2388815106570614,0.3424573802518649
Cond00454,0.2934178766433199,0.2078081295803015,0.343702310150084
Cond00455,0.2323322434882752,0.2893166213341374,0.3651917841626289
Cond00456,0.2719784513107197,0.18695748553276903,0.32377893924325285
Cond00457,0.28929446669521686,0.1630771520282798,0.3246658434377253
Cond00458,0.30477264147259386,0.1371377397393695,0.3312687089282485
Cond00459,0.26062363443002545,0.20769706650134462,0.3317585947316636
Cond00460,2.0757538422681328,2.12774531759632,7.871938997382949
Cond00461,0.31204074569604906,5.319758047431786,0.09077467019506025
Cond00462,0.2899345166535627,0.16605327771410383,0.3345613306152152
Cond00463,0.3620823129945352,0.05720357726087492,0.33274504231317326
Cond00464,0.24890914971242553,0.1152014160765175,0.30725395190226495
Cond00465,0.21648778884912678,0.1767189392664705,0.30181322662089527
Cond00466,0.223771523335497,0.28124483093071506,0.29122269095581915
Cond00467,0.4325333777361479,0.02542404808123485,0.32431121092141035
Cond00468,0.39131592053239833,0.02499324958022489,0.32521035687768457
Cond00469,0.29538538267813563,0.15651613270517542,0.3215500320359139
Cond00470,0.22664088583159187,0.31096965266928583,0.3419397892853696
Cond00471,0.29610824928721324,0.16538254791316334,0.3433938860916802
Cond00472,0.3668876658512071,0.0240394444891143,0.34452606870897223
Cond00473,0.28733024371462346,0.13206184178722863,0.32296719081813385
Cond00474,0.32357075872140767,0.19482962908798504,0.3499141308038816
Cond00475,0.29930375904932754,0.2712374461324947,0.3459066887005834
Cond00476,0.30669028428108364,0.12595161326712792,0.31984046325529053
Cond00477,0.28270533612898485,0.16955606066079848,0.33072074919879907
Cond00478,0.2798395224517404,0.1964774133967556,0.3372301092957162
Cond00479,0.26507729274378555,0.2350001394281923,0.3353361066156803
Cond00480,0.29874772320226106,0.15824047498151894,0.3261485965292825
Cond00481,0.3053665537945228,0.14859858004681428,0.32842572345110693
Cond00482,0.33596990464121307,0.1253046891160362,0.3465450112901516
Cond00483,0.3481693855331579,0.10986525650438266,0.44912236530873656
Cond00484,0.32519136647740043,0.10014582603568783,0.3350244938986578
Cond00485,0.33377358201308316,0.12250873588410588,0.33082500544961857
Cond00486,0.24133302387292133,0.22080469710900946,0.3343304992110641
Cond00487,0.13883889572296346,0.47814427806647253,0.34990299904941646
Cond00488,0.29563569677554485,0.10208513475442771,0.32193351053530367
Cond00489,0.33177713525552277,0.10707438995564422,0.3302044760839413
Cond00490,0.3157176140152606,0.1336167345799084,0.34127776934681564
Cond00491,0.36972218336696017,0.09289369506847653,0.36672437889454484
Cond00492,0.31680041047791785,0.130728379826487,0.3296409568079791
Cond00493,0.2708460635285214,0.18160962230898847,0.3205489302195921
Cond00494,0.31362715121113977,0.1469551132165142,0.3371802463318765
Cond00495,0.3378362763854557,0.17150076107109707,0.38289418394692604
Cond00496,0.37025694649516644,0.13902506076751045,0.3506173474866706
Cond00497,0.2975358710941004,0.15838585213774004,0.32803280455936074
Cond00498,0.3310797630727213,0.14078690581809666,0.33778175955343187
Cond00499,0.29904857629918946,0.14981192101729882,0.33040303441658075
Cond00500,0.24645364465386044,0.14287378161883535,0.3172563720384408
Cond00501,0.23728290446763042,0.1812386308031938,0.3179284324071977
Cond00502,0.19957671748710143,0.34659147262308054,0.2082442071361015
Cond00503,0.10662409800017017,0.09085183303115327,0.17431619930605433
Cond00504,0.32083971050133236,0.1545812303987215,0.3349695324081318
Cond00505,0.3304396398668948,0.15661143676937678,0.33623064364985744
Cond00506,0.46802570652504155,0.15033264031379578,0.33327566053941277
Cond00507,0.30696732527118314,0.13664021307100913,0.33662420354917105
Cond00508,0.3176475382034591,0.1638286317317282,0.33357223019276233
Cond00509,0.3173059214772216,0.17155416784294913,0.3383063348303532
Cond00510,0.2995597638770041,0.17091527283819657,0.334749855374761
Cond00511,0.338118095876651,0.19637335989892832,0.35591209379765326
Cond00512,0.30037906132488384,0.21556622666759498,0.334209688181387
Cond00513,0.282143297913568,0.17964951393272194,0.32766841468178975
Cond00514,0.29763065450622184,0.17419304552342071,0.3315714290392171
Cond00515,0.20445045680885188,0.22253705961165648,0.3134057430124833
Cond00516,0.2840015649034427,0.19641789452979264,0.33579221602038467
Cond00517,0.30098655685517967,0.1882864722043684,0.33843903185611324
Cond00518,0.2986576450493551,0.1890036767012823,0.3339591513866113
Cond00519,0.22691634525733562,0.22202315106365744,0.32208645679927106
Cond00520,0.32320287933120057,0.14035273395083958,0.32850145299541983
Cond00521,0.30281093880604204,0.14546087706401245,0.332496015702601
Cond00522,0.33491095844977775,0.1211734771109808,0.3303414791663099
Cond00523,0.26365667764118456,0.20170606876190242,0.3527844554024249
Cond00524,0.3287059906377773,0.14329235388649303,0.3313270454628984
Cond00525,0.32276092527794176,0.13871371954308956,0.33470676988277076
Cond00526,0.31776662576776876,0.1478373156891344,0.33619028733104284
Cond00527,0.28058101588246004,0.1544637738537472,0.32541500868260786
Cond00528,0.2996916047665503,0.19122104164591266,0.3284450776023371
Cond00529,0.3160141050873307,0.20296318103623873,0.3420438043668175
Cond00530,0.2778019471537831,0.18257489805175753,0.3275143462911054
Cond00531,0.3252239293576358,0.21878905456468883,0.34940514626103436
Cond00532,0.2915937407526852,0.21755395195496074,0.34642898419827894
Cond00533,0.2800774312990935,0.23149856341425343,0.3356617827917607
Cond00534,0.29369420400015706,0.1919832275117418,0.3343382781957018
Cond00535,0.3955048011489474,0.07768291460326122,0.3379825423619016
Cond00536,0.2786158286359231,0.21318913012499544,0.29592267435706077
Cond00537,0.25456556467701585,0.23100951934290093,0.311637039249303
Cond00538,0.2813525983407289,0.196847643609673,0.3371931402878335
Cond00539,0.29773122994678675,0.17968793058674717,0.3356858549401493
Cond00540,0.31170297156225335,0.19792612028828846,0.342658927666611
Cond00541,0.2691052132549737,0.23343528000984726,0.33296062772309315
Cond00542,0.28049027700756823,0.2026643082070343,0.3398031623391492
Cond00543,0.2904829922748007,0.18412487601718175,0.33779700942017266
Cond00544,0.29851279708573447,0.17226751305898294,0.3314904498916293
Cond00545,0.27563164544435614,0.19342365379224077,0.33134300255887744
Cond00546,0.3028121659079808,0.1766147974774866,0.33075782298526474
Cond00547,0.3008310472659102,0.18782596167098628,0.33945665921768164
Cond00548,0.31561988952086123,0.19044934296890406,0.33835505543397115
Cond00549,0.30783273517540055,0.18731618416947243,0.3342975396296668
Cond00550,0.3172211367298382,0.19977058562637565,0.3484619920298274
Cond00551,0.296048966490771,0.1945539313040832,0.3449961727632398
Cond00552,0.26305464679393137,0.2242027550147954,0.3305716868479461
Cond00553,0.5477694955752429,0.24438279567672597,0.3677351710543644
Cond00554,0.30669466471531315,0.27303716866078503,0.3513198285081471
Cond00555,0.2867198440354273,0.2562305394068595,0.3474766399349477
Cond00556,0.2942028855671724,0.25417781881563084,0.35065321955309764
Cond00557,0.3047958089710713,0.25396904679373555,0.3490078263586552
Cond00558,0.32671629616223063,0.2597405873773717,0.3607090524490195
Cond00559,0.28844388787832925,0.2547399764921106,0.3495832007560077
Cond00560,0.32835653106357005,0.1821678871838136,0.3443381895244895
Cond00561,0.31501515822033394,0.21736588488566166,0.33672107696341275
Cond00562,0.29566561774922007,0.17692451703193976,0.33374256870295615
Cond00563,0.2692795754654651,0.19612831288072152,0.33113993080496934
Cond00564,0.31460089112812023,0.18337105413831647,0.3367616021641213
Cond00565,0.31685377990439767,0.18468591561050057,0.3372586339563876
Cond00566,0.34222336371358425,0.22286101681136655,0.3602106171022576
Cond00567,0.2516804102043269,0.20595090429985533,0.32371671096869314
Cond00568,0.303716266392804,0.20122226877490254,0.34533373355705066
Cond00569,0.31549306295969237,0.204139405851022,0.34291016027792387
Cond00570,0.27142305451968834,0.22283846899726978,0.33484579981708096
Cond00571,0.34384091772233966,0.14114226951904388,0.34988039279813005
Cond00572,0.3343224165463353,0.24176661524215795,0.3462295880494752
Cond00573,0.2955003452172503,0.2202566316167816,0.33531287865316817
Cond00574,0.29800411949566996,0.26419112479454415,0.3520849243904661
Cond00575,0.2940994076605028,0.18820946032775787,0.33832978002763753
Cond00576,4.24092151957996,12.272856212928211,4.862347242770351
Cond00577,0.4004862488037189,6.462730173260471e-05,1.2369036959492918
Cond00578,0.35230705725827766,0.9351312292756384,2.3101450271389994
Cond00579,0.31896692087845063,0.00018961005441057663,1.2140777036736619
Cond00580,0.23150274645067892,0.0003829766749098828,18.696749735716253
Cond00581,0.4159231318964282,0.0001205188914962873,1.2499278181363227
Cond00582,0.4161922866053569,0.00016011296453781996,1.2338545452190746
Cond00583,0.4390101223908866,0.0002274970224766863,1.0239582343858062
Cond00584,0.43952706593254454,0.00031265379604895183,0.8878049772247496
Cond00585,0.41869826157992257,4.620432309084724e-05,1.2624717441852322
Cond00586,0.4263255605978387,0.00011646439366724746,1.2789879137771014
Cond00587,0.45165804891511246,0.00017987767465342693,1.1121008993666626
Cond00588,0.44277961815142425,0.00022901401575311668,0.9739936342131083
Cond00589,0.43389584849773427,0.0003852705643894877,0.9475294992030958
Cond00590,0.21227692911219395,0.00018092366130173084,8.298819188347329
Cond00591,0.18435836166502442,0.001517481389299075,0.3415097136074421
Cond00592,0.2267730690572932,0.0008975442823133915,0.9056557545104162
Cond00593,0.41068043090134676,5.507097746074831e-05,1.2879961726068094
Cond00594,0.4266849336999823,9.185874882579762e-05,1.0490138149989992
Cond00595,0.27504494237583216,0.00015817287998186016,1.1390314072544787
Cond00596,1.5033675862186289,0.0018071911236254325,3.813949425133168
Cond00597,0.43622841241422494,9.137689005019944e-05,1.2185342753127806
Cond00598,0.44061210507307996,0.0001280541490485451,1.187353007759555
Cond00599,0.5044269665643895,0.0004415099197601182,0.801951679919079
Cond00600,0.3232350573167986,0.0002215125636109,1.2593332027984847
Cond00601,0.33302119573171046,0.0003720529723611876,1.2746515130858849
Cond00602,0.39554285951179247,0.0001354071942720323,1.2983037230043317
Cond00603,0.4239394185705134,0.00011044739412187597,1.2196258915315166
Cond00605,0.355498955904727,0.00011239854309939861,1.2696690787840952
Cond00606,0.399625272663954,8.157317030276286e-05,1.2521889930782453
Cond00607,0.3824942394744909,5.757618158013512e-05,1.2723031308753319
Cond00608,0.37109241791546854,7.787574351767729e-05,1.2666457558714854
Cond00609,0.4246551925323449,3.981037357785961e-05,1.2238906211590717
Cond00610,0.38067811920965977,5.7774912265282514e-05,1.2549204773724916
Cond00611,0.3968046055184147,5.134906942532396e-05,1.2335994035515083
Cond00612,0.39305168001271784,6.268832708958885e-05,1.275226640280547
Cond00613,0.30469178735479957,0.00018375876899455194,1.3161210227978122
Cond00614,0.39885377237256836,5.523059698422122e-05,1.2855137885489907
Cond00615,0.49045760751422407,0.0002950847977700086,1.2473886489116284
Cond00616,0.42707346965398507,0.000384345886673225,1.2390101286664443
Cond00617,0.4688416588218425,0.00029916713296497223,1.2516474192253293
Cond00618,0.3928390697057773,0.000322282245098875,1.2482807480329825
Cond00619,0.4535537819720733,0.0004182623536727167,1.3111211880616347
Cond00620,0.41917152307265537,0.00026105113723415426,1.2561661120318743
Cond00621,0.4358198404720839,0.00026857591475795,1.2634433522554105
Cond00622,0.5123334844318583,0.00016128424018598366,1.2828083030567463
Cond00623,0.5212633192539823,0.0002248093359722979,1.28878850186791
Cond00624,0.5056209698230075,0.00028577091128678315,1.3199394215981348
Cond00625,0.3940636084640646,5.632174751833752e-05,1.2513992663470082
Cond00626,0.4176912127894259,4.233451774841583e-05,1.226210882145545
Cond00627,0.3987961921426685,1.9882303428100652e-05,1.2392716995715594
Cond00628,0.359003888951411,2.4399627384087734e-05,1.2721239811703784
Cond00629,0.4095299112314629,4.3435703493001666e-05,1.0734272161203668
Cond00630,0.24332473922205639,0.0019774307904860313,1.0516703118314872
Cond00631,0.24647924865336787,0.001074548504679313,2.0251033465125206
Cond00632,0.30990516494258985,0.002185952502973073,1.0680398693264108
Cond00633,0.33179081191940657,0.0013327748922998118,1.0583574308898402
Cond00634,0.45078007899401107,8.925997773319209e-05,1.3283849506120846
Cond00635,0.3596372198977882,4.463894101424801e-05,1.2548936648317073
Cond00636,0.34118710026746296,5.234557725381957e-05,1.2266606057941305
Cond00637,0.07962969320370551,0.005682502366325575,0.2130858021901073
Cond00638,0.3889609692000454,3.513425384244258e-05,1.2907069887973572
Cond00639,0.40262961813227804,9.017274944537889e-05,1.3300509478115454
Cond00640,0.3902246003759794,8.348052915197527e-05,1.265716638835864
Cond00641,0.2013882163168212,0.0012997012870268416,10.175451073793912
Cond00642,0.3539429857484918,0.00013153135759218167,1.2546757777071502
Cond00643,0.40499094273262737,9.690825067257123e-05,1.262080737322191
Cond00644,0.4245922110304227,9.258747759115763e-05,1.1962138321705762
Cond00646,0.30598563414886876,0.0003798054596243571,1.2850721615080314
Cond00647,0.25197601691053895,0.000795025941371625,1.2837636536350985
Cond00648,0.43628455321256915,6.813650608290539e-05,1.2956923196158483
Cond00650,0.24305927630599555,0.0005556446706545674,5.198556472697481
Cond00651,0.4281015257988186,0.0002941770344828276,1.2601672873643934
Cond00652,0.5359989788588053,0.0004260358233902833,1.2940187533761411
Cond00653,0.7930064017228964,0.047207130805072064,1.3240313004723083
Cond00654,0.7220899740191205,0.04175768760467259,1.3801109665305706
Cond00655,1.4654004432843137,0.051896831920851705,1.272084603799576
Cond00656,1.1889292685848476,0.12291497814967094,3.4312087491870855
Cond00657,0.061682196277990986,0.2139779786570938,0.20604281488313458
Cond00658,0.5084227092764456,0.002748980269682627,5.193085958168952
Cond00659,0.42661515125611066,0.00014289408076716514,1.1952773466675333
Cond00660,0.40311253989180806,4.668920302531413e-05,1.2895380887132626
Cond00661,0.39221995732841103,5.6130929415804816e-05,1.2706650270734137
Cond00662,0.38559157910531006,6.181706386025944e-05,1.2728252521225278
Cond00663,0.3624624915542322,7.259005965776565e-05,1.2677560850539455
Cond00664,0.4036798292396281,5.114172270929125e-05,1.3359492070166623
Cond00665,0.3757493221361251,5.010699848363157e-05,1.2392168687006317
Cond00666,0.3866646349120489,6.631294622517154e-05,1.2910086714329645
Cond00667,0.3620489339280458,5.5558539130255405e-05,1.271888366860187
Cond00668,0.38316626898503836,5.0778552638825775e-05,1.2904361406731353
Cond00669,0.4011020788188076,3.129552177198565e-05,1.2945863730774272
Cond00670,0.38004710519932794,9.737236960699513e-05,1.2819095494813413
Cond00671,0.40992071984796913,3.8619921549449724e-05,1.288685641769761
Cond00672,0.3550705650909419,7.699729291725718e-05,1.2855871033744117
Cond00673,0.3731673282445274,5.731551911939841e-05,1.263241587840315
Cond00674,0.3641243398129464,6.582625098763793e-05,1.2996647050779175
Cond00675,0.33168479387464656,0.0001574663877125772,1.2092462263108976
Cond00676,0.4079140652059212,5.2355022061126786e-05,1.2868367770584561
Cond00677,0.40399502029522005,8.451701120262316e-05,1.268085310739895
Cond00678,0.39531517892593615,7.217423833532063e-05,1.272064515839185
Cond00679,0.4388610312027197,5.522814999773962e-05,1.369462339639192
Cond00680,0.6553266443386317,0.01642240191470239,1.341456612023557
Cond00681,0.5556950093727815,0.021807263833096016,1.346784723585507
Cond00682,0.6079601531325731,0.004992851149192167,1.3151696215055062
Cond00683,0.4804997213276994,0.00019745408896221984,1.2751488307908363
Cond00684,0.3833001882182627,3.0324752390706642e-05,1.327769027049342
Cond00685,0.39910405489968204,6.094575977466282e-05,1.2524381977847427
Cond00686,0.41318610724759247,5.633232941465034e-05,1.2870730328456725
Cond00687,0.4311624118657405,0.0002128500499320204,1.2946732391675666
Cond00688,0.591589957586505,0.0019839532996296498,1.084804279231927
Cond00689,0.41210836619349095,5.195925064768381e-05,1.3064109997434847
Cond00690,0.3578004763201405,0.0001410222226986577,1.2475065134784333
Cond00691,0.4032849912160105,0.0001000782422628582,1.2459089964771748
Cond00692,0.31821262581785736,0.00041975265582173873,1.220265737499213
Cond00693,0.3428071588422186,3.052121598815622e-05,1.1511413538439583
Cond00694,0.37225456245240807,4.2937856572275436e-05,1.1987776574352251
Cond00695,0.35487411124822016,7.502747633880183e-05,1.2039500084913677
Cond00696,0.3908014567531424,4.346868610709253e-05,1.2342535607831442
Cond00697,0.38540397395816706,5.922446941724184e-05,1.2689358876818178
Cond00698,0.4691621293696618,0.00023763218459056068,1.259325712652584
Cond00699,0.4758979450183939,0.00033930746033012597,1.2776352555660164
Cond00700,0.46698348278268664,0.00025304027611873796,1.281059026531319
Cond00701,3.9300569868090824,0.00021693372776381565,5.870635087323124
Cond00702,6.804597180171988,2.27703417016704,2.3219091343610962
Cond00703,0.37274660928913483,5.108751615656792e-05,1.2487018325163748
Cond00704,0.3668262721624076,6.991558643058734e-05,1.271531072037339
Cond00705,0.3916708507973167,5.944586230365432e-05,1.2659008722662113
Cond00706,0.3863167658675985,4.482935626947155e-05,1.2682237478538698
Cond00707,0.35582310119645727,0.0001859539247450724,1.2572132878273674
Cond00708,0.38595081431999406,0.0003600856970102709,1.263863039714816
Cond00709,0.4352444666520033,2.5616323679248663e-05,1.2956926465768523
Cond00710,0.3626790030369048,7.466840202170374e-05,1.2774358881970262
Cond00711,0.3246184827351528,0.00025248626221402654,1.2510485876197859
Cond00712,0.41917434637384193,4.38040369738583e-05,1.2854521498983407
Cond00713,0.4121660910352882,5.533834364991033e-05,1.225437198517802
Cond00714,0.3920363412685336,0.00010412847440950235,1.2209973572813264
Cond00715,0.40341968248711946,7.478711186182455e-05,1.235406089310253
Cond00716,0.4219774649762833,5.0949472686474383e-05,1.2497300616257774
Cond00717,1.6018301840573532,0.0030441702295634456,13.587588369259212
Cond00718,0.42635315999341356,4.200159738980257e-05,1.2487947242872808
Cond00719,0.3899443245675689,9.167909556370598e-05,1.2938970137080288
Cond00720,0.42071225773515675,4.9368079133031785e-05,1.2837574668620693
Cond00721,0.1582225890231154,0.004000164972251895,21.904712664165434
Cond00722,0.7148400992796708,0.02970729642792511,14.430170161309949
Cond00723,0.42011977048735605,3.958364660215278e-05,1.268279407469112
Cond00724,0.4576970860351171,3.543837813218491e-05,1.2687789052410956
Cond00725,0.2755642376119407,0.0015629546050102538,1.297060542680739
Cond00726,0.3681120581570793,0.00010254990178800414,1.2831150122217279
Cond00727,0.44401697133184953,3.8465933205668365e-05,1.2549949813601287
Cond00728,0.44565775051871087,3.5583819408374115e-05,1.2748805151385796
Cond00729,0.4108330765966925,5.080916821692551e-05,1.275081770327543
Cond00730,0.327599173042481,0.00018359917945969504,1.2971194541288193
Cond00731,5.903876586983519,0.0010781347590136901,9.29739395727438
Cond00732,1.1287583862558095,0.002388335487148595,12.334831160934263
Cond00733,0.49335265002461426,0.002871165117455508,12.711086922245123
Cond00734,0.7721665307603552,0.0033648683619971003,14.103185547566639
Cond00735,0.3894926270976901,0.00010985501863561578,1.3189051969465564
Cond00736,0.3969360437463162,8.307804806129998e-05,1.2735354452092413
Cond00737,0.42438052691665745,6.200263659086096e-05,1.3061628723600358
Cond00738,0.4494822378301861,0.00013434486554259796,1.2713926386557208
Cond00739,0.5025310422248954,0.00027133303527468336,1.1159141568290918
Cond00740,0.2157761839517116,0.0030087083466748582,3.2117822927787496
Cond00741,0.13300094829919387,0.0029464984384522668,0.391626083760353
Cond00742,0.3043070559535319,0.00022522402730253813,0.8555531112869039
Cond00743,0.43785676481063474,3.606699886867576e-05,1.2238962480535105
Cond00744,0.43796837418140944,4.212775436809387e-05,1.2834018390814554
Cond00745,0.41521496401530544,4.394917432893807e-05,1.2642320694462046
Cond00746,0.3891022831206998,8.354362738844685e-05,1.2717498833801184
Cond00747,0.38530998904683655,6.051824590277713e-05,1.260994138960964
Cond00748,0.36100505070832895,8.296796566078417e-05,1.2944431075619693
Cond00749,0.40264487986105457,4.6858645470051775e-05,1.3178287914279176
Cond00750,0.41626160482811325,4.448569667689473e-05,1.306879179158115
Cond00751,0.41987296436529725,4.5181297748451735e-05,1.3009106482964343
Cond00752,0.3175864941740344,8.97437489313532e-05,1.1976037550603156
Cond00753,0.38113205015700563,6.199032893868482e-05,1.2730319124584282
Cond00754,0.4024859520906729,5.22077114395955e-05,1.3064856106946392
Cond00755,0.3002851028409397,0.00036723357812595034,1.2977584387959051
Cond00756,0.3885995549279404,9.312589965481693e-05,1.287601621625307
Cond00757,0.39078146693797355,6.304019133025235e-05,1.2780208022216564
Cond00758,0.40477489987588355,5.4856615899138064e-05,1.2522358899601973
Cond00759,0.36852188902649735,5.4680560512141846e-05,1.2409432737064159
Cond00760,0.38913878794467727,0.00011145261358176152,1.264598744909781
Cond00761,0.39677226566366725,0.00010696129071472136,1.2743030774526793
Cond00762,0.4306947526288833,9.675806232860605e-05,1.243101663577904
Cond00763,0.40907770567410506,7.114702474052304e-05,1.3232586912240305
Cond00764,0.3789650037242303,0.0001975284373639326,1.313324445748939
Cond00765,0.40398790527447004,0.00011066357349570269,1.2534996095062334
Cond00766,0.3591147264634585,0.00018108761475599478,1.2788870039964406
Cond00767,0.3172792026425888,0.0004634842593640585,1.2883380153419575
Cond00768,0.42466835827000643,0.0001433864570840377,1.261584206409403
Cond00769,0.39424741620133413,0.00010686767261319663,1.2839045828605247
Cond00770,0.4201065211314339,7.369149877601845e-05,1.3097819799876105
Cond00771,0.4057668678870771,0.00011722173438758218,1.2539545398116456
Cond00772,0.41529124638786913,6.539794574327059e-05,1.3024432581725442
Cond00773,0.36608026742316224,0.00012804581696065264,1.2775980403773473
Cond00774,0.1504180369660238,0.005502779726530442,6.210389121244294
Cond00775,0.42873889761887174,0.00022193689781002353,1.2762924145064758
Cond00776,0.40768669069719304,0.0003274751287164902,1.252764537557804
Cond00777,0.42087545529954157,0.00021141103622322096,1.291170668111559
Cond00778,0.3658747213216771,5.369911180348219e-05,1.2474991093257985
Cond00779,0.355857679235598,2.6191782461613437e-05,1.1926015463986541
Cond00780,0.41658769966412984,7.034961091389642e-05,1.2951195681886944
Cond00781,0.41815355908877366,0.00010080001326207027,1.2554165238255874
Cond00782,0.44153712478339624,7.532004893893186e-05,1.2677682572446018
Cond00783,0.4211194169730096,8.688701364529503e-05,1.2660412160456684
Cond00784,0.4360540174179869,7.497106139466448e-05,1.2646766966121767
Cond00785,0.42546511585651947,7.734607935940857e-05,1.266397298162532
Cond00786,0.40977331983982596,9.870583029700941e-05,1.260256459719563
Cond00787,0.4158976763431983,0.00011830142137644725,1.222028476079287
Cond00788,0.4138676597259929,0.00010544214175541152,1.2417215769976595
Cond00789,0.421819031897673,0.00011292460127326824,1.2805437989781074
Cond00790,0.5748211261027149,0.023595768912368233,0.7970446750223983
Cond00791,0.5495502243888833,0.020287958012567883,0.8824912952859246
Cond00792,0.5298715683660296,0.0202077216046176,0.9207307239735188
Cond00793,0.5411822836929989,0.010541149962584184,0.9326627869146987
Cond00794,0.5798542779353182,0.006068949858239179,0.9488587079416653
Cond00795,0.4448551433696843,0.00332757025637465,0.9550334402362718
Cond00796,0.5607046485274336,0.0206042504352617,0.9548169837352527
Cond00797,0.5084305548823667,0.010828338397633084,0.9679323996070155
Cond00798,0.609404913418115,0.008046572744450167,0.9735393077361638
Cond00799,0.5659909534547309,0.011678539259969,0.8869152284718061
Cond00800,0.571498691624537,0.008935748350307667,0.9218228578963549
Cond00801,0.5464993338443243,0.008464262130391583,0.9307503971320398
Cond00802,0.5546757520299282,0.003948854068660067,0.9483961025410844
Cond00803,0.28832058012106765,0.0259927277035618,0.21990821137934766
Cond00804,0.29893741989902345,0.036870101567685915,0.24934006214975124
Cond00805,0.4770551661884286,0.018195957345552467,0.38398788991707034
Cond00806,0.6211858079717755,0.009179200461864517,0.8597079123125032
Cond00807,0.5652153147444806,0.007277250734351517,0.9675338541082886
Cond00808,0.580916561259031,0.005696911677000966,0.9586804073163024
Cond00809,0.571873350630538,0.0064321595373786665,0.961170156602175
Cond00810,0.4644881144254739,0.0018772360523491333,0.8400090193595647
Cond00811,0.5121482355067899,0.008920352489776233,0.9658927965681264
Cond00812,0.6031127399779913,0.006143861822249501,0.9636536293527284
Cond00813,0.5549811597877079,0.007333294082681733,0.9667406047269854
Cond00814,0.4708677986985145,0.002731184509830733,0.8829729841183132
Cond00815,0.5778574436071583,0.004881575689019267,0.9254611613627883
Cond00816,0.6039413304996938,0.004713823339807449,0.9349217584565517
Cond00817,0.5250044458103574,0.00708628495890265,0.9320832376380158
Cond00818,0.5630868075505581,0.003915519707560284,0.9311243999269989
Cond00819,0.5261205431670218,0.004066036195145217,0.8301969386513823
Cond00820,0.5252684130510399,0.0052675205225694,0.845508467365833
Cond00821,0.5294060093119441,0.006457917909949117,0.878121624503001
Cond00822,0.6340541573033757,0.005070836748829283,0.9580177914702985
Cond00823,0.5538248081049079,0.0048017901740308,0.9092295210630135
Cond00824,0.5180733873068213,0.006223686084673317,0.9357053601644084
Cond00825,0.6402433488895727,0.00518808993508865,0.9618909139966648
Cond00826,0.5912622275768805,0.0060868124681563,0.935073047101922
Cond00827,0.5457970596639153,0.005013307749084667,0.9497910422197573
Cond00828,0.49198313798972243,0.008339049784288767,0.9734911771437361
Cond00829,0.6120016182944465,0.005368680925573134,0.9749266918316787
Cond00830,0.5134068258839305,0.0065340160348904,0.9382564394451265
Cond00831,0.5701464218513819,0.006619078367179017,0.9310347298972927
Cond00832,0.5516698546988963,0.004679727782579933,0.9441883501350536
Cond00833,0.5246767922635129,0.0010104839437933,0.9130107906008599
Cond00834,0.44306779470835156,0.0003430907595111667,0.9206821419359851
Cond00835,0.5118732117160949,0.00259433834597425,0.9057537780470645
Cond00836,0.5356947424650328,0.0025258091439948668,0.9256159671751182
Cond00837,0.4975082190031616,0.004765243127184633,0.923777957699715
Cond00838,0.6212029957588393,0.004893446491165883,0.9544240815425638
Cond00839,0.5014825605134551,0.006687154388892984,0.9288156429978343
Cond00840,0.533784279564728,0.005102683311581199,0.9242718605812171
Cond00841,0.5626373472674097,0.005111938247187617,0.9327278649627567
Cond00842,0.5283721735461533,0.00622428084694375,0.9775437133917058
Cond00843,0.5450714071280439,0.0044150343290154164,0.9278687795651196
Cond00844,0.5785102563901906,0.013212004547763367,0.9793405828963812
Cond00845,0.5817825870622788,0.0050940195095944335,0.9585158164924982
Cond00846,0.5476476886193691,0.004161741340287966,0.9274304720815629
Cond00847,0.5782426520539112,0.005005351794213633,0.9308139941486249
Cond00848,0.5571584184598256,0.005283523123328433,0.9336369365403843
Cond00849,0.6262080388722834,0.005091269544102483,0.9427717110227749
Cond00850,0.5707232681489272,0.0069201727100563,0.9395429020083657
Cond00851,0.4819691195581718,0.007357044897009933,0.9648897960078815
Cond00852,0.44189889172230085,0.009609928102378667,0.9705240950599455
Cond00853,0.4604223594447227,0.010777162284118983,0.9799757838621349
Cond00854,0.4844758509776867,0.005641840351470351,1.3152507178083535
Cond00855,0.6054064799613623,0.005619273344085917,0.9399677091985724
Cond00856,0.5638107654170025,0.007144831447631599,0.942148801514313
Cond00857,7.700450139585077,0.007349978246418734,0.9284122088129121
Cond00858,0.602331630692666,0.0060856471447837,0.9404766270073954
Cond00859,0.5314836697714663,0.003117265448880567,0.856185775944158
Cond00860,0.5006657516990061,0.005516885096171283,0.8767897521353589
Cond00861,0.5640078496784648,0.004282479878231417,0.8676499333042569
Cond00862,0.5902390026150136,0.004258074667575816,0.9470342173481132
Cond00863,0.5334705287221277,0.0014432643108029668,1.0232302207658517
Cond00864,0.4605447372133498,0.005768369367355317,1.0119789710977016
Cond00865,0.4929063726614838,0.007045955778852284,1.1009472427430642
Cond00866,0.5269274583897651,0.006644726832605666,0.9505504363396512
Cond00867,0.557763447791833,0.00626574488744745,0.9346664400775714
Cond00868,0.5564495774075806,0.006800573010160249,0.955609840259791
Cond00869,0.587894565774638,0.005788642114724967,0.9581596493129929
Cond00870,0.5783429465269302,0.005978144868185866,0.9290972284422302
Cond00871,0.5827639234441112,0.0059180842149964665,0.9170678176995661
Cond00872,0.5377104873715782,0.006476142869008083,0.9335946101378448
Cond00873,0.5812917814296803,0.0037879907616814165,0.9347864096721652
Cond00874,0.5085111425520041,0.0037018328231501166,1.2489626229222501
Cond00875,0.67794718207031,0.0033908833579569,0.9237705975884116
Cond00876,0.5768616374806913,0.006700154119094266,0.9408215410899885
Cond00877,0.6137413449364049,0.007507835188537583,0.9604538206655143
Cond00878,0.5885754870282014,0.007212025370368384,0.9578846202261398
Cond00879,0.5487556142813939,0.0037697078571398168,0.9170839148415032
Cond00880,0.6129999379683203,0.004086839336899083,0.9238702064964703
Cond00881,0.5465011052793841,0.006217606597816066,0.9274401050069988
Cond00882,0.5340925654193259,0.004937205495922533,0.9994681378322574
Cond00883,0.55059427758484,0.0045311208923492505,0.9275692852522278
Cond00884,0.5484463369773258,0.007083823467259783,0.962045064942409
Cond00885,0.5444769135626522,0.006965458184599433,0.9784016405039417
Cond00886,0.5402564842976992,0.007216637013181367,0.9984160726110863
Cond00887,0.5597739536884633,0.00712650576233485,0.9178827017359131
Cond00888,0.577065110924482,0.005874427682142283,0.9191330432497655
Cond00889,0.517213025232125,0.007980396740979383,0.9349855463352613
Cond00890,0.5585455056186837,0.006628991736292583,0.9449552550355205
Cond00891,0.5230324148186907,0.007539938848779567,0.920609709468336
Cond00892,0.5872576569852345,0.007065955992298084,0.9395251816678015
Cond00893,0.5545867936415595,0.0038832834396769003,0.9410664752622071
Cond00894,0.5723433902850256,0.007150935741145083,0.8684082501820529
Cond00895,0.5873830037585226,0.006450518044142934,0.9273744781563527
Cond00896,0.5982183916761911,0.005621061164518134,0.9297678004248799
Cond00897,0.5848011299304638,0.0061242694684624,0.947111294301529
Cond00898,0.6262652312207252,0.00661316016830535,0.9512621927528772
Cond00899,0.5833242404982164,0.006908284133938717,0.9256564585104733
Cond00900,0.5909652181705677,0.00741087329656425,0.9384589867804487
Cond00901,0.5759697476315513,0.0060303639167243,0.939124817640675
Cond00902,0.5560713302845579,0.007291336403734666,0.9408451219766962
Cond00903,0.2451344773364479,0.023067603865486164,0.2850610598183772
Cond00904,0.40329064986396745,0.008441332393564918,0.4696962341845112
Cond00905,0.5531747821987103,0.0049030582402135835,0.7913777374516753
Cond00906,0.7083813525047563,0.004073119553158667,0.92746568274359
Cond00907,0.5820338820705575,0.005847254830756416,0.9231451310482238
Cond00908,0.5635955716118786,0.0055724537245095,0.9292704811613467
Cond00909,0.5342008883873288,0.0062998420466942665,0.9130888008492859
Cond00910,0.6403138023326429,0.004235800120221549,0.9218062604415912
Cond00911,0.629915142882003,0.0045049860146357005,0.9304058324806938
Cond00912,0.5867122606671911,0.004948119793025067,0.9437804152948956
Cond00913,0.5784427467570037,0.0051643939206657335,0.9511746807486655
Cond00914,0.5201515574990356,0.006879052977309067,0.9778927029787633
Cond00915,0.5464691773380594,0.0067906412476976,0.9327581373772169
Cond00916,0.5491581754470048,0.006808879330404766,0.9615925002436396
Cond00917,0.5991420733544122,0.0054691843800385494,0.9692565623561692
Cond00918,0.6115420056966429,0.006418448117599883,1.0048780335709326
Cond00919,0.5548121731176467,0.006445432953359333,0.9413159648716393
Cond00920,0.48698605025055536,0.008581536998269584,0.9382880824420256
Cond00921,0.5778746856262718,0.005442945008361567,0.9347423030563243
Cond00922,0.5538364893915165,0.005622100685559617,0.9444402974467658
Cond00923,0.6101145575719077,0.0051367582358251,0.9535214765992142
Cond00924,0.5932655011886893,0.005782395801222417,0.9488878043774148
Cond00925,0.6134094048153248,0.005670947209167917,0.9488266812945886
Cond00926,0.5037345016585064,0.0045953650676429335,0.9202514694800935
Cond00927,0.4956824471764382,0.006722906760775733,0.7322897109134465
Cond00928,0.48577367797260873,0.0062279778415254,0.7486766548076997
Cond00929,0.5086748365376296,0.0058748368098265995,0.8861292563919283
Cond00930,0.5450057802473139,0.006934547049686651,0.9627472949831023
Cond00931,0.5765077740378162,0.0055975313899655505,0.9416369218212903
Cond00932,0.5818274351105939,0.005317948783977367,0.9636132909560658
Cond00933,0.561013153121069,0.00597718101854805,0.9558974469649579
Cond00934,0.6575942346896569,0.004225119503350933,0.9739252797900139
Cond00935,0.5786138151884345,0.004681210732671516,0.9274610499436571
Cond00936,0.5914911989626296,0.005007077219393133,0.9403785488267826
Cond00937,0.5724315884800105,0.004723558211490833,0.9396005705070256
Cond00938,0.6485670784482349,0.004052582776998933,0.9580414522077818
Cond00939,0.5445236047181159,0.005079115333393734,0.9295493539574752
Cond00940,0.5632469654611749,0.0050557736093486665,0.9292108284394787
Cond00941,0.5506255103286458,0.005330075723574916,0.9158916107154389
Cond00942,0.5220490113055294,0.006397008267016733,0.937513714462963
Cond00943,0.5364657339502259,0.006086114873057283,0.9581469823740392
Cond00944,0.5628964241756846,0.0058313353753413335,1.0113544756977404
Cond00945,0.5496792679437662,0.0060841538041855004,1.0233804687382186
Cond00946,0.6192149072637362,0.005458042393510751,1.068557159536275
Cond00947,0.5611715862774982,0.005339495777320616,0.9332761661585679
Cond00948,0.6096121025644317,0.004906537473335084,0.9653066656473709
Cond00949,0.5871622452941477,0.005585341933998284,0.9714110174955205
Cond00950,0.6228613147683076,0.004302573272242433,0.9846545795742512
Cond00951,0.5924836088078975,0.005377405319679233,0.936130767177028
Cond00952,0.5500068017528119,0.00644007048166755,0.9347205002143792
Cond00953,0.5476970488187578,0.0063136808142709834,0.9495877582287453
Cond00954,0.5434325688636161,0.00631907888806785,0.9762853182682149
Cond00955,0.5813780262356019,0.005773024745887766,0.9388182504148398
Cond00956,0.5982384570253898,0.005935800196984916,0.9552139394299429
Cond00957,0.553224815545662,0.006438874933840067,0.960021462367043
Cond00958,0.6109920016507803,0.004304903368792916,0.9677172691398225
Cond00959,0.5211535378334581,0.006894493618478834,0.923029857943739
Cond00960,0.5701479758432361,0.007912058610194483,0.9434912205685725
Cond00961,0.54545418495026,0.00663605452051815,0.9569601271508853
Cond00962,0.6184276090231461,0.003919715092499533,0.943543311011756
Cond00963,0.5926345022504194,0.00546815558513305,0.9219649720587451
Cond00964,0.5597843032613952,0.0066616690736781,0.9358315097514528
Cond00965,0.5971901128419916,0.005671722904780784,0.943876867231086
Cond00966,0.5672578232179669,0.0050716112445918496,0.9957347378696793
Cond00967,0.2068915545961757,0.009932166878670408,0.20718913869895944
Cond00968,0.14244571210654408,0.026863672622129253,0.1908391073703892
Cond00969,0.30180331751864853,0.01615483740388947,0.2454658405634872
Cond00970,0.3563670442877589,0.008956630949722641,0.36006957272023077
Cond00971,0.35368112904220383,0.012132593797638376,0.39342914346562735
Cond00972,0.32876921688646316,0.020997404193869907,0.28677757957553673
Cond00973,0.3224010437650275,0.012420042949481274,0.30355762035533285
Cond00974,0.3231588213780723,0.01524988102004441,0.3379981803098083
Cond00975,0.34082750723980537,0.0094488653598566,0.39285157722790076
Cond00976,0.25491896635931627,0.043931742311992206,0.23179731302886009
Cond00977,0.25382558394979776,0.053836268486391115,0.23380566614267664
Cond00978,0.23337590071939993,0.03844037956589727,0.22566228960861792
Cond00979,0.27973613921736606,0.026869444683008784,0.22676982477927377
Cond00980,0.1905979149000735,0.03647321344506804,0.21097910330825967
Cond00981,0.40326454175410636,0.044175396979560216,0.30546209601011903
Cond00982,0.4821637000738785,0.09658775740397187,0.4203777166370192
Cond00983,0.6789763671507217,0.010666219653224276,1.1268992305247332
Cond00984,0.6250817200521213,0.008047096997888933,0.933595381911269
Cond00985,0.39232500791933744,0.019785308062046935,1.310952783391804
Cond00986,0.3555650753316122,0.02362897968266077,1.3881884531568416
Cond00987,0.522366607738138,0.008994450617363575,1.2494471664398494
Cond00988,0.5831696011535139,0.005402408303154858,0.9832350537984537
Cond00989,0.49001390773868564,0.002025195089506167,0.8880662973758142
Cond00990,0.43113754389565145,0.0161198325257761,1.2767892811669368
Cond00991,0.49474159638154824,0.012537419938793792,1.3267356476240155
Cond00992,0.5832037131887403,0.005475849318996183,0.9879639332974465
Cond00993,0.5007928172152595,0.002544294669262658,0.8935054374306637
Cond00994,0.2991686166800128,2.905539171967839,7.174200815110713
Cond00995,0.28455946393687415,0.015794065496960403,0.94613922348621
Cond00996,0.3567141129824686,0.0013904944765324634,4.458080452434372
Cond00997,0.2951383153704319,4.167917878134001,4.311730263760406
Cond00998,0.35743919367184596,4.185663222290264,1.062008025821628
Cond00999,7.6944859008842865,0.08043214567272312,15.901110384951368
Cond01000,0.4560947666493375,4.412536365935891,2.2457787532727695
Cond01001,0.6006151014485155,0.2826717743119679,0.9745303467005793
Cond01002,0.3826242015515555,0.2804150928024746,1.040912079968031
Cond01003,0.4067289913880455,6.263127547315209,5.559667263012287
Cond01004,0.2782754933321503,0.003065842238994595,2.6619465969584932
Cond01005,0.25492596291126085,0.09385728543062097,6.9492697173087725
Cond01006,0.26587273004193707,0.0028053967650182583,1.0226232577024994
Cond01007,0.32875258329089946,0.0023169680430456248,0.9876018011742992
Cond01008,0.19885038122486462,0.0020691098932664248,6.054316255328741
Cond01009,0.4889168196409907,0.21602272139401058,0.9718487525315571
Cond01010,0.6205205599382783,0.40905611106532663,0.9797096581301391
Cond01011,0.6239771573829229,0.3328781607055468,1.103665964936762
Cond01012,0.598096753367928,0.6006631286942823,0.7377742886432055
Cond01013,0.7084034404966825,0.4257916574782535,0.9264627967927246
Cond01014,0.7091410442995386,0.3370474212973194,0.9941673247631928
Cond01015,0.9469407142108136,0.302626161617285,1.083940510878076
Cond01016,0.6939516625627301,0.2142977885671883,1.1553804146450366
Cond01017,0.7103883491555189,0.5126526547314301,0.748389328029215
Cond01018,0.6494513256008747,0.6859599111699128,0.7599134491908461
Cond01019,0.6022955019341032,0.6424835912787179,0.7283213614383558
Cond01020,0.6330004934179081,0.7027479605250239,0.7760880993768587
Cond01021,0.6499774388814533,0.3332319988558827,0.9341117789911697
Cond01022,0.5791463565455551,0.5457945210537642,0.8792219138406261
Cond01023,0.5192917074779395,0.40730777131067947,0.9690845950256833
Cond01024,0.6456977917029271,0.3279665799728794,0.9515651400921831
Cond01025,0.46807627924643813,0.4590408634529735,0.9358824299672059
Cond01026,0.5290899688573658,0.00014557192614546096,0.8804930253328351
Cond01027,0.6095392069469996,0.4625778881927446,0.9114917027209327
Cond01028,0.6687973083014389,0.4399172527113679,0.948511058750399
Cond01029,0.7349961090249435,0.355179446463024,0.9695209150651338
