label,gr,lag_loglin,N_max_emp
Cond00001,0.0007662588698443,11.216988122821133,0.0814642857142857
Cond00002,0.18898679726040535,5.442898081837927,0.32303571428571426
Cond00003,0.2046715659818422,6.009505545724383,0.33968352059925094
Cond00004,0.1849934313225391,5.84670888533924,0.3475238095238095
Cond00005,0.18805958095281058,6.318974753432293,0.34338095238095234
Cond00006,0.20189154988248575,6.276494835281619,0.33745238095238095
Cond00007,0.21136191056123968,6.350819179496645,0.3408139880952381
Cond00008,0.18748236062754964,5.665025573490805,0.3382222222222222
Cond00009,0.2071483922714864,6.3837706557207605,0.3402063492063492
Cond00010,0.20019407989143123,6.152929860078892,0.32853571428571426
Cond00011,0.2071073747615669,5.182843664179952,0.34045238095238095
Cond00012,0.19997607934126893,5.230594161513434,0.3356904761904762
Cond00013,0.19852974129867698,5.3303444027109235,0.33654761904761904
Cond00014,0.09781263331845347,6.965506074323165,0.16539285714285712
Cond00015,0.11037876440915835,4.670887780652276,0.18154761904761899
Cond00016,0.22898214746776094,5.2432304930513665,0.47802380952380946
Cond00017,0.23822629593417646,5.855013992842246,0.4741190476190476
Cond00018,0.16752401497131275,6.052342649470078,0.2728928571428571
Cond00019,0.186230064778907,6.078115139569647,0.3028095238095238
Cond00020,0.19936594358736914,5.8538699576311615,0.33261904761904765
Cond00021,0.19150204474159396,6.572740864680459,0.3132857142857142
Cond00022,0.20170300598758428,6.218400399377025,0.32295238095238094
Cond00023,0.21864954616950683,6.206092339534151,0.3356666666666667
Cond00024,0.19951104924040897,5.858622620951068,0.3452619047619047
Cond00025,0.20461390025841453,6.201932100998751,0.344595238095238
Cond00026,0.22000394818976596,5.965051563072457,0.3511666666666666
Cond00027,0.19090363510299177,5.871091804124132,0.3435833333333333
Cond00028,0.1945368609289222,5.780190141787677,0.34269047619047616
Cond00029,0.22633844439942372,6.012835481845897,0.3855119047619047
Cond00030,0.21280050812021342,6.10898619726006,0.3361428571428571
Cond00031,0.202797833201082,6.149386766389328,0.3265238095238095
Cond00032,0.2083045028917848,5.956767464152683,0.3446190476190476
Cond00033,0.21588145782240564,5.979548492610248,0.3536071428571428
Cond00034,0.19908480983290658,6.193685239931015,0.3244761904761905
Cond00035,0.20018089230172675,6.176079531783323,0.32395238095238094
Cond00036,0.2189055532345873,6.236689667546787,0.3442023809523809
Cond00037,0.2181170908773935,6.228432020912858,0.3465833333333333
Cond00038,0.2009850038355044,8.303741100866484,0.3292023809523809
Cond00039,0.20076497629656617,7.788232352339558,0.33409523809523806
Cond00040,0.2115814283250916,5.460374903945639,0.34098809523809526
Cond00041,0.22729991279032602,5.435285526554562,0.4155357142857143
Cond00042,0.19131049427795555,6.008797056810436,0.3228333333333333
Cond00043,0.1991845805212197,6.118208521994576,0.3260238095238095
Cond00044,0.13740535862538875,6.187639016508384,0.3179166666666667
Cond00045,0.1408780125072219,8.32576726819329,0.3324404761904762
Cond00046,0.20003336461738908,5.731453917990101,0.3335238095238095
Cond00047,0.19951776230492715,5.55060267592291,0.34505952380952376
Cond00048,0.1616126610862332,6.735071059020496,0.34795238095238096
Cond00049,0.15636841477112445,7.632758261040426,0.37548809523809523
Cond00050,0.2017528969124086,6.0213209689916285,0.3368333333333333
Cond00051,0.20153618268805487,5.81889447486018,0.3578095238095238
Cond00052,0.21040916566475654,6.308308377176529,0.34819047619047616
Cond00053,0.21740144100768186,6.570534351970454,0.4326904761904762
Cond00054,0.2017967498549095,6.305250964681588,0.333452380952381
Cond00055,0.20575624451061472,5.970329781228101,0.3431785714285714
Cond00056,0.15963390790679946,5.721937303725693,0.3397619047619047
Cond00057,0.15791480900843918,5.333012319031934,0.3663214285714285
Cond00058,0.20170333138455687,6.076531995735451,0.33449999999999996
Cond00059,0.2058691252219852,6.150959972648359,0.3376666666666667
Cond00060,0.20304861178155528,6.257605761358814,0.3437261904761905
Cond00061,0.20065493657250352,6.33261703442079,0.3400714285714286
Cond00062,0.0004656982356028891,16.676450344866264,0.08107142857142856
Cond00063,0.01554460759953132,4.1818780989353375,0.0913154761904761
Cond00064,0.2050532292841796,6.331228214538882,0.35084523809523804
Cond00065,0.20415119798389184,7.356167980228515,0.3351309523809524
Cond00066,0.1540503235769968,5.562081800559437,0.3348928571428571
Cond00067,0.12876392491449293,5.486255358751348,0.3126071428571428
Cond00068,0.1583986759560595,5.2183697784705,0.30657142857142855
Cond00069,0.19370056307624547,7.358294786066033,0.33535714285714285
Cond00070,0.19486135204439403,8.092133265291634,0.3410357142857143
Cond00071,0.19340893286059754,5.843741113010114,0.3389285714285714
Cond00072,0.21206238093835092,5.986777712539932,0.35347619047619044
Cond00073,0.20778482540994625,5.919266794420044,0.35320238095238093
Cond00074,0.20613325646156552,8.746019959792932,0.3426190476190476
Cond00075,0.19507110470993552,6.060793903333134,0.336702380952381
Cond00076,0.23384898821135924,5.768610091817044,0.35740476190476184
Cond00077,0.22007350557718822,5.3968282606446225,0.35321428571428565
Cond00078,0.20821940895023439,6.06603356377418,0.34744047619047613
Cond00079,0.2079636372020006,5.9687914681738325,0.33967857142857144
Cond00080,0.2017469687826435,5.748043307941503,0.3403095238095238
Cond00081,0.21092190121541488,5.69603499266115,0.3506547619047618
Cond00082,0.19503086806626943,5.819351911932181,0.3277142857142857
Cond00083,0.19761721629027043,5.938898665011714,0.33104761904761904
Cond00084,0.21087763714019467,5.96372213496237,0.35084523809523804
Cond00085,0.242883295751556,6.221004439699772,0.46048809523809525
Cond00086,0.2126798754909929,6.162982485166268,0.3486428571428571
Cond00087,0.20269226065371573,5.619542452857535,0.3595595238095238
Cond00088,0.1742772833645337,5.178488783550532,0.3540833333333333
Cond00089,0.1134940723922961,4.744340280999148,0.37544047619047616
Cond00090,0.21750749540322747,6.270796278118222,0.36395238095238097
Cond00091,0.21441289322836032,6.184604619820342,0.3425595238095238
Cond00092,0.22709627042868927,5.938934700078651,0.3781547619047619
Cond00093,0.23072832864793866,6.352558863832281,0.3724642857142857
Cond00094,0.2138829436199541,6.144465926553668,0.34586904761904763
Cond00095,0.19931992180203215,5.952373431634698,0.3179047619047619
Cond00096,0.2133631997489739,6.092702586151865,0.3446071428571429
Cond00097,0.2127385019223317,6.0912584357865285,0.3895714285714285
Cond00098,0.21946126195576085,6.284213565516759,0.3654880952380952
Cond00099,0.1987039368267046,6.270527259573671,0.3348690476190476
Cond00100,0.2032903046974268,6.320301299681534,0.34415476190476185
Cond00101,0.2031206558768975,6.245208595523789,0.3500595238095238
Cond00102,0.17528399725616728,6.352074098839512,0.3265952380952381
Cond00103,0.17738926027563992,6.3181088027732235,0.32848809523809525
Cond00104,0.12261842164044201,5.478452541946827,0.21165476190476187
Cond00105,0.08903847844580182,9.221677744613098,0.17597619047619042
Cond00106,0.20210736969455279,6.195308339689937,0.3325833333333333
Cond00107,0.19598211974259763,6.217124292851154,0.3272142857142857
Cond00108,0.1915650238523617,6.105684999691351,0.3290595238095238
Cond00109,0.1974395136257244,6.520818754216904,0.3412619047619047
Cond00110,0.20309071959408886,6.238211088133581,0.32941666666666664
Cond00111,0.19490101867821027,6.096516354084003,0.3283214285714286
Cond00112,0.21371762074515913,6.22365382919293,0.3405595238095238
Cond00113,0.20329324835911985,6.353544132314162,0.33527380952380953
Cond00114,0.20040978703648324,6.344390254987093,0.335702380952381
Cond00115,0.19965040769382011,6.28376503447723,0.33594047619047623
Cond00116,0.20335471658141593,6.2810298631090475,0.3351309523809524
Cond00117,0.18976365953236848,6.356804893113677,0.3233690476190476
Cond00118,0.20426003411839178,6.264069213570324,0.3363809523809524
Cond00119,0.2024032539945857,6.069813363465741,0.3421666666666667
Cond00120,0.20694945712208143,6.2485983268075245,0.3368809523809524
Cond00121,0.20256102899041137,6.23955798058325,0.331
Cond00122,0.23138048775592626,6.411038797588428,0.3381071428571429
Cond00123,0.2355451074360895,6.441891534878372,0.341452380952381
Cond00124,0.23055704232328159,6.456877017204255,0.3382857142857143
Cond00125,0.22830139233894697,6.58327475893921,0.32985714285714285
Cond00126,0.23447661496168956,6.448824585250253,0.34023809523809523
Cond00127,0.23910376431531807,6.457216496171416,0.3428928571428571
Cond00128,0.2361929083553469,6.342438459772068,0.34448809523809515
Cond00129,0.23488197354895804,6.275079410253458,0.3398095238095238
Cond00130,0.1961782501760101,5.956011983351117,0.3376904761904762
Cond00131,0.19290523686351466,5.641886482044151,0.3409166666666666
Cond00132,0.20346619589796897,5.979498816794394,0.3442857142857143
Cond00133,0.18974241651976195,6.8544997034399,0.3517142857142857
Cond00134,0.18483384859517596,5.795379309202636,0.3086904761904762
Cond00135,0.19324870884406567,5.840363918283798,0.3271904761904762
Cond00136,0.2139377409822086,5.790902117923398,0.3473095238095238
Cond00137,0.20012392165939555,5.843438412994879,0.34415476190476185
Cond00138,0.20569159754655117,6.213845098077353,0.3446428571428571
Cond00139,0.19594373310831611,6.21205355855517,0.3281904761904762
Cond00140,0.19940387982068186,6.271947107670287,0.3300238095238095
Cond00141,0.20306451874700862,6.238955264635603,0.34215476190476185
Cond00142,0.20151435264179732,6.167637370113979,0.33411904761904765
Cond00143,0.1920655306489145,5.788832633596769,0.33567857142857144
Cond00144,0.18477065673411078,5.816860368518294,0.33621428571428574
Cond00145,0.18397790406909387,5.8076228167366715,0.3374761904761905
Cond00146,0.20275826591901935,6.265533952557245,0.3380595238095238
Cond00147,0.19220142670357374,6.039307212106256,0.34022619047619046
Cond00148,0.2004806616100149,6.27535352650914,0.3409761904761905
Cond00149,0.2000584230450492,6.187736616047591,0.34722619047619047
Cond00150,0.20630237879158675,6.239176509713427,0.33916666666666667
Cond00151,0.20576609309188665,6.2194356504915165,0.33636904761904757
Cond00152,0.21150620537388828,6.254985767141953,0.3488928571428571
Cond00153,0.21274640156112898,6.218085947770877,0.3566428571428571
Cond00154,0.2072584989562981,6.522990062784846,0.3428928571428571
Cond00155,0.21042990052843183,6.226978434494071,0.35657142857142854
Cond00156,0.20441787558478997,6.209442151318182,0.34422619047619046
Cond00157,0.20866756766227212,6.247077850434228,0.3457261904761904
Cond00158,0.19683694217738346,6.284031012880196,0.33609523809523806
Cond00159,0.2022079371131532,6.202391745724378,0.3460714285714286
Cond00160,0.20927429921410887,6.217702023505112,0.34311904761904755
Cond00161,0.21139262994851904,6.246118146036374,0.35317857142857134
Cond00162,0.20210924736102323,6.159479318640128,0.3435238095238095
Cond00163,0.20385793683200845,6.184176138768119,0.33727380952380953
Cond00164,0.20730166382851264,6.198565997822182,0.3358333333333334
Cond00165,0.20908755936214227,6.163971928872841,0.34209523809523806
Cond00166,0.20793067497879777,6.145815323140048,0.33809523809523806
Cond00167,0.21309117604864536,6.148945071617181,0.34051190476190474
Cond00168,0.20488339806903777,6.173492937899681,0.33825
Cond00169,0.20281129190727246,6.133032521883599,0.3442619047619047
Cond00170,0.2040352519823139,6.199781044943389,0.34082142857142855
Cond00171,0.2083347788624985,6.164355352500124,0.3423214285714286
Cond00172,0.20602081020562504,6.159254329907372,0.34310714285714283
Cond00173,0.20586015911969535,6.464213573675526,0.3412380952380952
Cond00174,0.20831192730478462,6.107921413636781,0.3375357142857143
Cond00175,0.207031289690646,6.049199612850175,0.3397738095238095
Cond00176,0.20760440385367976,6.029337626547601,0.35053571428571423
Cond00177,0.1922994312578504,6.0798304618170524,0.34480952380952373
Cond00178,0.0013115761187473857,16.88895553262548,0.08340816326530606
Cond00179,0.13916087149992354,8.262816095230358,0.20059632034632033
Cond00180,0.13898873757014743,8.412604557652605,0.20595238095238091
Cond00181,0.13677973720159772,8.993986568124924,0.20580952380952378
Cond00182,0.12268474369793465,9.638342978897798,0.20246428571428568
Cond00183,0.13780278840757135,7.663456547539947,0.2064166666666666
Cond00184,0.13052043356407747,8.583882276603694,0.2042738095238095
Cond00185,0.12739459046407386,8.951434396465485,0.18807142857142856
Cond00186,0.11165611031750143,10.384878579876494,0.18774999999999997
Cond00187,0.15509887550392912,6.6030650644800275,0.18205952380952375
Cond00188,0.15874476147754027,6.766765533945983,0.19124999999999995
Cond00189,0.17974468087972295,7.289881855505704,0.20810714285714282
Cond00190,0.1718451804199929,7.314088481844775,0.2223690476190476
Cond00191,0.15484819591960203,10.331845233378983,0.18928571428571425
Cond00192,0.1925901219159206,8.695061565916825,0.25734523809523807
Cond00193,0.1955331916617825,9.00473608509426,0.36525
Cond00194,0.17287801967764357,11.258569258898175,0.30228571428571427
Cond00195,0.13163691563657742,6.390444171293033,0.20099999999999996
Cond00196,0.1365339411485463,6.464398514233287,0.20749999999999993
Cond00197,0.13998414638838433,6.43808422068138,0.2047738095238095
Cond00198,0.14927758666263566,6.471308356990857,0.20794047619047618
Cond00199,0.1377175635478666,8.135205412668293,0.20726190476190473
Cond00200,0.13316260865792592,7.996966304979128,0.20344047619047614
Cond00201,0.13042939469808737,8.154711373391033,0.2039047619047619
Cond00202,0.13264280961128344,10.383831269862887,0.21240476190476187
Cond00203,0.17024710837626333,8.92210605389202,0.20364285714285713
Cond00204,0.1731055633996542,8.795984188454275,0.20611904761904762
Cond00205,0.1869448603522865,8.24125372593715,0.21819047619047616
Cond00206,0.19035992556659895,7.777613875765769,0.25505952380952385
Cond00207,0.17089546915013729,8.907698752125787,0.20098809523809522
Cond00208,0.1713730767065582,9.132082678560822,0.20022619047619047
Cond00209,0.17016976155286515,8.811300233205115,0.20521428571428568
Cond00210,0.17354500759815963,8.883706771635312,0.20927380952380947
Cond00211,0.1368541039342552,8.403722821628536,0.18752380952380945
Cond00212,0.12930200939097844,8.315260214321446,0.1817619047619047
Cond00213,0.13410244245205225,8.311943860367096,0.18660714285714283
Cond00214,0.1321503792613726,8.255440572026258,0.1932380952380952
Cond00215,0.13977951725318538,9.496437520222402,0.1935595238095238
Cond00216,0.13753783850768994,8.988070429505514,0.1878333333333333
Cond00217,0.13165483501477232,8.41684004075836,0.186297619047619
Cond00218,0.14006273652136558,8.338544754412487,0.1944880952380952
Cond00219,0.17467975409773684,8.690708886779104,0.21088095238095236
Cond00220,0.16308643217842456,8.864283979319898,0.20180952380952377
Cond00221,0.15348066750599174,9.211680461082254,0.20490476190476184
Cond00222,0.15959002155536783,18.65239405342808,0.20080952380952377
Cond00223,0.17353372155528743,8.537653330005188,0.2104285714285714
Cond00224,0.17155979500736074,8.079602011564527,0.20872619047619045
Cond00225,0.18891497277020786,7.524760253610018,0.22316666666666665
Cond00226,0.19078054107888956,9.174455824560406,0.22861904761904758
Cond00227,0.13550109033475707,8.802877113369659,0.20730952380952375
Cond00228,0.13871657434021425,8.378653778035142,0.21007142857142855
Cond00229,0.13896140451493544,7.6033741996478845,0.21432142857142852
Cond00230,0.15487063915813962,6.896707676566199,0.23403571428571424
Cond00231,0.11782913137629236,9.363183925403602,0.1869523809523809
Cond00232,0.11368404426160578,8.333250087542206,0.19044047619047613
Cond00233,0.11059789421205789,8.03973291373871,0.1933095238095238
Cond00234,0.1377836206077126,8.447127382644908,0.20988095238095236
Cond00235,0.13071343567719831,7.975820005735719,0.20328571428571426
Cond00236,0.13448211077403507,7.825857620518792,0.20463095238095233
Cond00237,0.13526404419700336,7.913448257156678,0.2028928571428571
Cond00238,0.13858891173192597,8.022903959537587,0.20354761904761898
Cond00239,0.12177322324255117,11.85935830047228,0.19004761904761902
Cond00240,0.1282716752539819,10.304161958889823,0.1929761904761904
Cond00241,0.13192517010794622,8.058198287207874,0.20326190476190473
Cond00242,0.129440767283625,8.187186151741207,0.20434523809523808
Cond00243,0.15349736950405965,9.078208600438856,0.18502380952380948
Cond00244,0.15029680809820364,8.83714890971361,0.1855238095238095
Cond00245,0.16205492161151017,8.64370285404454,0.19132142857142853
Cond00246,0.17876501909424766,11.707534594884068,0.19866666666666663
Cond00247,0.17670129462528963,9.070769003464253,0.20660714285714285
Cond00248,0.1718196617050629,8.623328158020152,0.2045
Cond00249,0.16826816080606785,8.763669172253806,0.20533333333333328
Cond00250,0.17039206451035793,8.194768304770248,0.2081666666666666
Cond00251,0.1356934621994987,7.9164030126820135,0.20115476190476186
Cond00252,0.13198336643079608,8.180444822570095,0.19452380952380952
Cond00253,0.13185191724862957,8.043246712876547,0.1873571428571428
Cond00254,0.1365126853986268,8.161409348197369,0.19205952380952376
Cond00255,0.1430070427507014,7.989050838093584,0.18772619047619044
Cond00256,0.13635082225508324,7.870474288105769,0.19133333333333327
Cond00257,0.1378192114880922,7.861822746983347,0.19309523809523807
Cond00258,0.13455095683476706,7.787417833973126,0.18960714285714284
Cond00259,0.13532951900449766,7.951293167756912,0.2058690476190476
Cond00260,0.13696426651041968,7.425002816287397,0.20869047619047618
Cond00261,0.15329988193191435,6.942384251723982,0.2310833333333333
Cond00262,0.1710780931169716,6.901459294899385,0.2907738095238095
Cond00263,0.1365684983534781,8.22448368530887,0.20694047619047615
Cond00264,0.14307473633065984,8.099632952182894,0.20605952380952375
Cond00265,0.1342443952441953,7.77064741989685,0.20565476190476187
Cond00266,0.13754804083158045,8.225815666790142,0.21090476190476184
Cond00267,0.1282626881304658,8.206531414538565,0.20035714285714282
Cond00268,0.13227600174674803,8.131756038436116,0.2059642857142857
Cond00269,0.1375609814425132,8.185627439281186,0.21022619047619043
Cond00270,0.1446249915215785,8.315290154701616,0.2129642857142857
Cond00271,0.1289262803573474,8.27876862588129,0.19613095238095235
Cond00272,0.12917387656428622,8.061312657186873,0.19785714285714284
Cond00273,0.1309416632836328,8.054884967049144,0.19676190476190472
Cond00274,0.13752565471290645,8.129392260530814,0.2101666666666666
Cond00275,0.1332522039882425,8.134560335662409,0.20505952380952377
Cond00276,0.12838605194035602,8.111117120363891,0.203047619047619
Cond00277,0.14004675665234972,8.08124813238326,0.20879761904761904
Cond00278,0.1441438008070218,8.074837537472211,0.21076190476190473
Cond00279,0.13326456032145179,8.059350010848496,0.20363095238095233
Cond00280,0.1414059206339621,8.00845900590733,0.20758333333333331
Cond00281,0.09397368104200503,6.907938457432086,0.1619880952380952
Cond00282,0.02483874541695036,14.294836753569989,0.09994047619047614
Cond00283,0.13164156685524547,8.094511298832993,0.19074999999999998
Cond00284,0.1291055498077467,8.05055565803671,0.1902380952380952
Cond00285,0.1299907455120165,8.095824628018502,0.18780952380952376
Cond00286,0.14045443472734515,8.487971223728977,0.19659523809523807
Cond00287,0.13084265323508165,8.094755367348931,0.19201190476190474
Cond00288,0.13850203147570328,8.08155075019414,0.19278571428571425
Cond00289,0.13710131594995886,8.073237252091948,0.19220238095238093
Cond00290,0.13509546243794512,8.286579405623362,0.19316666666666663
Cond00291,0.006969940425326951,8.919801752385679,0.08715476190476183
Cond00292,0.11922817837021661,9.081773110475218,0.14853571428571424
Cond00293,0.10353386176321494,8.810514812533844,0.14438095238095236
Cond00294,0.10771936467912908,8.520898533759786,0.15353571428571425
Cond00295,0.1165817354120459,8.508708696563646,0.1654285714285714
Cond00296,0.11759283315990586,8.60072626781203,0.16641666666666663
Cond00297,0.12121979351072049,8.544526855505413,0.16838095238095238
Cond00298,0.11956163797166951,8.65840490635845,0.17654761904761898
Cond00299,0.13714289165776503,8.300974441925414,0.20691666666666664
Cond00300,0.1342306040146319,8.12964125392381,0.20308333333333328
Cond00301,0.1326788868806407,8.092170238232011,0.20282142857142857
Cond00302,0.14105560871489184,8.0753074081137,0.2037738095238095
Cond00303,0.1350350291919843,8.40568685875717,0.19297619047619044
Cond00304,0.1329422311604214,8.45162753962717,0.1909523809523809
Cond00305,0.1301509714338525,8.220496261783413,0.2001547619047619
Cond00306,0.1354298464518097,8.077274297567092,0.2047380952380952
Cond00307,0.13680024727659448,8.432032597699282,0.20282142857142857
Cond00308,0.12759894086150106,8.119914925602076,0.20411904761904762
Cond00309,0.13112772151566895,8.244654217522022,0.2026785714285714
Cond00310,0.13114927521375552,8.576224867220157,0.20411904761904762
Cond00311,0.13559637943992375,8.530798768564813,0.2021785714285714
Cond00312,0.13712887170805205,8.218694289672044,0.20726190476190473
Cond00313,0.1391067959618042,8.52948596013688,0.2037380952380952
Cond00314,0.10889537164899744,11.05788784946632,0.18949999999999997
Cond00315,0.13484998705389595,8.235774662000813,0.190547619047619
Cond00316,0.1390321459743015,7.978903040323189,0.18751190476190474
Cond00317,0.13945722958082166,8.045342995287035,0.18930952380952373
Cond00318,0.13162233523141492,8.405506414257855,0.19005952380952376
Cond00319,0.1387113759387105,8.275078908908288,0.1923690476190476
Cond00320,0.1400472885104507,8.175598879794933,0.1930238095238095
Cond00321,0.1414594952897277,8.072458557593956,0.19173809523809518
Cond00322,0.13208586550401347,8.169135586209931,0.19241666666666665
Cond00323,0.13572198490776866,8.373392390571714,0.19176190476190472
Cond00324,0.12520066162062823,8.114427538997338,0.1921428571428571
Cond00325,0.13072387659644827,8.239256542642575,0.19177380952380949
Cond00326,0.14139774903502772,8.464736488187947,0.19213095238095235
Cond00327,0.13401402150197936,8.082482168552373,0.1912380952380952
Cond00328,0.13119939701714536,8.144095871739358,0.1916785714285714
Cond00329,0.1301111307810607,8.088827505232752,0.18928571428571425
Cond00330,0.13039862861381565,8.132489425299973,0.1915714285714285
Cond00331,0.13385258734450484,8.523618843720234,0.20420238095238089
Cond00332,0.143332986078817,8.18838841210851,0.21559523809523806
Cond00333,0.13574391470827205,8.240856197902003,0.20721428571428568
Cond00334,0.13585797633224866,8.310649904800261,0.20490476190476184
Cond00335,0.13719564774664142,8.489752669714699,0.20510714285714285
Cond00336,0.1365779414221953,8.397987978633543,0.20584523809523805
Cond00337,0.13306911646086514,7.892562769544097,0.2148928571428571
Cond00338,0.1381206734156127,8.25550488145654,0.2057619047619047
Cond00339,0.13253839792973646,8.175145771563688,0.2031547619047619
Cond00340,0.13156460308303738,8.176371420735427,0.20699999999999996
Cond00341,0.13132367725546434,8.112528512423665,0.20164285714285712
Cond00342,0.13578374234297588,8.325983145906113,0.2015833333333333
Cond00343,0.1285705278847463,8.109409017446954,0.20332142857142854
Cond00344,0.14216314030546032,8.499407015477436,0.20419047619047614
Cond00345,0.13142078972000346,9.65175003390967,0.2005833333333333
Cond00346,0.11066487431114042,19.04414641066594,0.17285714285714282
Cond00347,0.1279353741762902,8.153204262590654,0.18799999999999994
Cond00348,0.1271682206461464,8.089757421646159,0.18879761904761902
Cond00349,0.13194821331001572,8.272721275427664,0.18607142857142853
Cond00350,0.12854195103582908,8.12475803279439,0.19014285714285709
Cond00351,0.13105625909422208,8.11870007403797,0.1903095238095238
Cond00352,0.13854477492221878,8.075887169626832,0.19222619047619047
Cond00353,0.14740121361300337,8.039092437936493,0.1991785714285714
Cond00354,0.09100347124119855,8.718964331639775,0.17457142857142852
Cond00355,0.0017651012766207667,7.004603760408571,0.08276190476190473
Cond00356,0.19507532290669885,6.176792154433232,0.32490476190476186
Cond00357,0.203593718144764,6.431595395490053,0.33697222222222223
Cond00358,0.1851533919151733,6.888436312221842,0.3094285714285714
Cond00359,0.17008396604642204,6.600468541188399,0.3535238095238095
Cond00360,0.20820029411524985,6.45141030532372,0.32885714285714285
Cond00361,0.20562496828302587,6.423580718557683,0.3287857142857143
Cond00362,0.2081492412210688,6.543839454795552,0.32936904761904756
Cond00363,0.20256934808362695,6.6452975977499875,0.3371904761904762
Cond00364,0.20273523049969597,6.23630979732328,0.3434285714285714
Cond00365,0.20854599284556222,6.382140202259852,0.33910714285714283
Cond00366,0.20192604305018322,6.546511382697499,0.33041666666666664
Cond00367,0.19451736474549797,6.722124105633618,0.3293809523809524
Cond00368,0.09078575520295136,7.082193841846507,0.15776190476190474
Cond00369,0.11026868533179952,5.952270414661356,0.17767857142857138
Cond00370,0.2384555055918637,6.487866248804096,0.47055952380952376
Cond00371,0.2452924095266611,7.211031687668741,0.46254761904761904
Cond00372,0.2021073293350252,6.365156158154306,0.3100595238095238
Cond00373,0.17727836248421436,6.18022269606184,0.30379761904761904
Cond00374,0.20933820820311602,6.178855993141966,0.33896428571428566
Cond00375,0.20451090273435915,6.796447533119825,0.31809523809523804
Cond00376,0.2089605229136632,6.529184678886698,0.3227738095238095
Cond00377,0.21087427415947757,6.425231905598327,0.32848809523809525
Cond00378,0.2112943377651296,6.226930111657922,0.33558333333333334
Cond00379,0.20574571651052534,6.463256300238883,0.3589047619047619
Cond00380,0.1949585437877471,6.702479283219726,0.3271785714285714
Cond00381,0.1965133457366811,6.559292837771679,0.3329404761904762
Cond00382,0.1618428105403813,5.690895545301203,0.3326071428571429
Cond00383,0.2179456102943561,6.4355992042470005,0.38110714285714287
Cond00384,0.205432662267931,6.563402053123124,0.334797619047619
Cond00385,0.20244193864897406,6.504384705280903,0.3357142857142857
Cond00386,0.21092667660229494,6.426651203334383,0.3522619047619047
Cond00387,0.21434450444033207,6.374276239310526,0.3611785714285714
Cond00388,0.19897394558394124,6.669065828097334,0.3342619047619048
Cond00389,0.1979886226769182,6.652512071166438,0.33376190476190476
Cond00390,0.20869458332636637,6.632986249530602,0.3509642857142856
Cond00391,0.209623408120185,6.754705357601968,0.3511666666666666
Cond00392,0.20176517582569942,9.224769279557142,0.34698809523809526
Cond00393,0.18309586719305485,8.4556703468243,0.3268809523809524
Cond00394,0.19828089830163373,5.81443409286421,0.3434047619047618
Cond00395,0.22549131077907536,5.876525562202512,0.4280714285714285
Cond00396,0.19721178736958808,6.425277327982926,0.3327023809523809
Cond00397,0.2058928448265861,6.505134447579121,0.33136904761904756
Cond00398,0.1414409414763526,6.762239340104352,0.31011904761904757
Cond00399,0.11992463427011206,9.569197423003132,0.2942261904761905
Cond00400,0.2037293251432608,6.086408848530205,0.33677380952380953
Cond00401,0.20621845181466517,6.089077454455246,0.33988095238095234
Cond00402,0.16739799312266448,7.91668980704461,0.3280119047619047
Cond00403,0.17752896778897312,8.307027058490334,0.39291666666666664
Cond00404,0.00134935623566414,10.517892973699116,0.08322857142857139
Cond00405,0.19297705080374183,6.034583694751308,0.31959523809523804
Cond00406,0.2625063849541998,6.613979525256844,0.42423809523809525
Cond00407,0.19604668664955696,7.290075012903034,0.3440238095238095
Cond00408,0.18677168597178428,6.125704798116776,0.3213928571428571
Cond00409,0.2324563952232351,6.240364995788814,0.38158333333333333
Cond00410,0.19772302903162933,6.51638144657115,0.33758333333333335
Cond00411,0.21015491554935314,6.837811480396905,0.3461428571428571
Cond00412,0.10099571874035157,7.098088542208735,0.16428571428571426
Cond00413,0.1151606976443414,5.932468120339034,0.18438095238095234
Cond00414,0.22973976450409095,6.33758779389859,0.49014285714285716
Cond00415,0.24538342080633266,7.3070670773555735,0.4687619047619047
Cond00416,0.21363168065471894,6.333661249355124,0.3423452380952381
Cond00417,0.1918256284683414,6.472283172615661,0.31642857142857145
Cond00418,0.2093923697510129,6.201882044292534,0.33439285714285716
Cond00419,0.19801156468812578,6.956415260785012,0.31229761904761905
Cond00420,0.20991465981997248,6.488755486575614,0.3318928571428571
Cond00421,0.20187787952538752,6.561953057386394,0.3242738095238095
Cond00422,0.20716276852403667,6.272774511330208,0.33222619047619045
Cond00423,0.2037439845597159,6.444171499378329,0.35201190476190475
Cond00424,0.22265595458018106,6.240479149600862,0.4007380952380952
Cond00425,0.21916761853226044,6.125299179236735,0.3838214285714286
Cond00426,0.15945608623273552,5.13074315459517,0.3428928571428571
Cond00427,0.21584480362595762,5.985881170265336,0.38255952380952385
Cond00428,0.21453521269609432,6.277903211480194,0.34600000000000003
Cond00429,0.23583305931955312,5.818202779430535,0.4122857142857143
Cond00430,0.2394253277398409,6.063898629969241,0.3793333333333333
Cond00431,0.21535674564745733,6.118013090091995,0.3587261904761905
Cond00432,0.1998995994666414,6.221134659476874,0.3400595238095238
Cond00433,0.20335189248783522,6.208298667459407,0.33965476190476185
Cond00434,0.20961904500645667,6.257597997040474,0.34394047619047613
Cond00435,0.21306763538482457,6.154523903857398,0.3601666666666667
Cond00436,0.20552517110191446,8.315918154143363,0.32957142857142857
Cond00437,0.18395293534235693,7.700674662439806,0.32109523809523804
Cond00438,0.20386719528675676,5.620985058423627,0.3430714285714285
Cond00439,0.2359969139055755,5.504682565797669,0.4422738095238095
Cond00440,0.2527933586976636,6.151988180975651,0.4195357142857143
Cond00441,0.19918794201099285,6.162324998974335,0.3162619047619047
Cond00442,0.12822522933656852,6.413082166814476,0.27584523809523803
Cond00443,0.12556997021354402,9.199663396048619,0.2771190476190476
Cond00444,0.20056324678405213,5.3980511363843915,0.3448333333333333
Cond00445,0.19547419907727467,5.55718301276378,0.3454523809523809
Cond00446,0.1567389026639666,7.051889043013038,0.3135119047619047
Cond00447,0.19424720934974118,8.426079630544153,0.3732738095238095
Cond00448,0.21011276845981697,6.001050048701884,0.3437619047619047
Cond00449,0.23731365824991071,5.828986397293646,0.4099404761904762
Cond00450,0.25659857795268004,5.956402825481567,0.4164047619047619
Cond00451,0.213760952854688,6.535540365745178,0.41910714285714284
Cond00452,0.2093355424878798,6.2076056486280855,0.3445833333333333
Cond00453,0.213687106961855,6.185468456953411,0.34310714285714283
Cond00454,0.20316330051545076,6.256444858355738,0.3431547619047619
Cond00455,0.17803558862236776,5.89138620604735,0.3649761904761905
Cond00456,0.20262132720518747,6.399328926337211,0.3287261904761905
Cond00457,0.2041735108129922,6.49956450244331,0.32949999999999996
Cond00458,0.2012480302690782,6.629816164832866,0.3362619047619047
Cond00459,0.18251821155759038,6.332125115610064,0.33847619047619043
Cond00460,0.0006706537455071834,12.539821135804397,0.08042857142857139
Cond00461,0.0158062541158027,4.1916920392911265,0.0907499999999999
Cond00462,0.18218869968754617,6.386175113468525,0.33501190476190473
Cond00463,0.2060935156912337,7.780810416339783,0.33619047619047615
Cond00464,0.1448700575629905,6.684968163221669,0.3107738095238095
Cond00465,0.14195380913013012,6.318360855851676,0.30579761904761904
Cond00466,0.15944891454537272,5.994059806102694,0.2907142857142857
Cond00467,0.19940136869909594,8.437623454589191,0.3324642857142857
Cond00468,0.1959585500852726,8.901630404689358,0.3442023809523809
Cond00469,0.1972814156694518,6.516043031112655,0.32767857142857143
Cond00470,0.1744082769727527,5.7590003475730605,0.3501666666666667
Cond00471,0.206892844895977,6.429679400595565,0.3515119047619047
Cond00472,0.24988183276783507,10.519896887924473,0.3783809523809523
Cond00473,0.22019251517854058,7.068745562517914,0.3231190476190476
Cond00474,0.2690286869823038,6.696390699489213,0.34882142857142856
Cond00475,0.2629726404050256,6.34547632520285,0.3449523809523809
Cond00476,0.23269297540684222,7.092918320163584,0.32057142857142856
Cond00477,0.23614967584218563,6.873305734504129,0.3324404761904762
Cond00478,0.23361305482683348,6.6509733632946215,0.3377380952380952
Cond00479,0.23425414212261866,6.50964162858,0.3345238095238095
Cond00480,0.1976346127633052,6.483822215731489,0.32895238095238094
Cond00481,0.19862760817520364,6.530591866013946,0.3294285714285714
Cond00482,0.21303867355433614,6.692244833334935,0.35027380952380943
Cond00483,0.23005355999943297,6.920912522941058,0.43919047619047613
Cond00484,0.2055913790953647,7.007765189854968,0.3364404761904762
Cond00485,0.20197932929959736,6.639790053819346,0.332797619047619
Cond00486,0.14097056676695965,5.373715581169791,0.32557142857142857
Cond00487,0.126678062087019,6.066166040871562,0.32059523809523804
Cond00488,0.23982463677917795,7.649495950267313,0.32636904761904756
Cond00489,0.24057899829974858,7.247604520663976,0.3313928571428571
Cond00490,0.25315869377280054,7.129772548666959,0.342797619047619
Cond00491,0.2673709092589836,7.424756373804673,0.36439285714285713
Cond00492,0.2371168856940401,7.099466634915672,0.3296190476190476
Cond00493,0.23134264457953568,6.854344811901259,0.32142857142857145
Cond00494,0.24782247509963165,6.981508926006884,0.3377380952380952
Cond00495,0.2657815821666446,6.800763025043417,0.37782142857142853
Cond00496,0.21728079074073528,6.512224642904453,0.3624821428571428
Cond00497,0.20275472069493425,6.486132137275221,0.33504761904761904
Cond00498,0.20978714178677563,6.546244124164994,0.34638690476190476
Cond00499,0.20179698797916432,6.553706016475096,0.33516071428571426
Cond00500,0.1461501681906484,6.210486858059979,0.3146845238095238
Cond00501,0.15699836790667077,6.121543620721254,0.31687499999999996
Cond00502,0.145952174501981,5.8484948093867315,0.22716071428571427
Cond00503,0.09411119553597219,9.348627699661357,0.180922619047619
Cond00504,0.20345671046864025,6.479954544021493,0.34407738095238094
Cond00505,0.20938635466399833,6.462223285634536,0.34325
Cond00506,0.20521004339908833,6.555167942138272,0.3341011904761904
Cond00507,0.2016670768455174,6.662678277865509,0.33896428571428566
Cond00508,0.20433582906228118,6.418975378252732,0.3372738095238095
Cond00509,0.20037505005357867,6.3455184951549874,0.3433630952380952
Cond00510,0.20303994725296123,6.412056704647803,0.33772023809523805
Cond00511,0.21777639234987334,6.260720023322238,0.36431547619047616
Cond00512,0.19330477758318895,6.1284207890042035,0.32599999999999996
Cond00513,0.19589105111719848,6.356530556562028,0.31749999999999995
Cond00514,0.19762659761079485,6.187372619309866,0.32466666666666666
Cond00515,0.13515098274820606,5.471637507161407,0.3054880952380952
Cond00516,0.19619190147679463,6.145674264038689,0.32475
Cond00517,0.20113207054726692,6.267001170932349,0.33245238095238094
Cond00518,0.20587679202233533,6.271788346021495,0.3305833333333333
Cond00519,0.15863577265095466,5.697994886850072,0.313
Cond00520,0.2074897604704334,6.586486495868587,0.3363333333333333
Cond00521,0.19993221123677893,6.519300885811936,0.33949999999999997
Cond00522,0.20953652844613502,6.700714359459291,0.3394880952380952
Cond00523,0.18739600674858,6.360835043967175,0.35861904761904756
Cond00524,0.20720513640408944,6.499544054917305,0.3385595238095238
Cond00525,0.21233653932236063,6.588305767938862,0.34201190476190474
Cond00526,0.20532830389449863,6.499495335276413,0.34414285714285714
Cond00527,0.1981893679413216,6.564045311417814,0.3334285714285714
Cond00528,0.19664014546145547,6.08953998723041,0.33145238095238094
Cond00529,0.20044482517291481,6.017354415194494,0.3530357142857143
Cond00530,0.19836202773436887,6.3621543635464874,0.32830952380952383
Cond00531,0.2111500580189026,6.167559649255761,0.3489404761904762
Cond00532,0.20801671905092664,6.297455613055213,0.35108333333333336
Cond00533,0.20833194546615233,6.199232747279421,0.33825
Cond00534,0.1968448333188819,6.083308924902057,0.3379642857142857
Cond00535,0.2026913324446896,6.9927441322364565,0.3624404761904762
Cond00536,0.1753614707632467,6.1458431567484375,0.29907142857142854
Cond00537,0.1891252958744248,6.264082746769668,0.31238095238095237
Cond00538,0.20556000973366997,6.329003415384399,0.33848809523809525
Cond00539,0.20534829368727706,6.4433330792060675,0.3364642857142857
Cond00540,0.2054510575342916,6.2292664797493735,0.3419285714285714
Cond00541,0.20212513657163803,6.202978412416642,0.3321071428571429
Cond00542,0.20226362440849502,6.281657780637095,0.3386428571428572
Cond00543,0.19950533341824503,6.371402425297414,0.3376666666666666
Cond00544,0.19818273203935746,6.361253280373824,0.3242380952380952
Cond00545,0.20336806702295748,6.3729721619854365,0.3207857142857143
Cond00546,0.20211257764998247,6.351572005360837,0.3209642857142857
Cond00547,0.2018704021070664,6.353376573170102,0.3315119047619048
Cond00548,0.19715709593820538,6.049177557602703,0.3292142857142857
Cond00549,0.18824678715507073,6.17786292939988,0.3261666666666666
Cond00550,0.21857778205989697,6.2562894117872885,0.3477857142857143
Cond00551,0.20808333467296972,6.280116671982737,0.33761904761904765
Cond00552,0.2272414224735503,6.544113768707061,0.33041666666666664
Cond00553,0.2975392054615224,6.477143977541044,0.36917857142857136
Cond00554,0.2638075578122652,6.411097054577685,0.34791666666666665
Cond00555,0.25562074283204267,6.4934854459520475,0.3451904761904761
Cond00556,0.25760609261478845,6.491651988307044,0.3474047619047618
Cond00557,0.2698660730191759,6.535746072870679,0.3485357142857142
Cond00558,0.27803419235076793,6.417135661155161,0.3603690476190476
Cond00559,0.24924083703055108,6.452084321114364,0.3466428571428571
Cond00560,0.2210143370307699,6.3663930510113955,0.35634523809523805
Cond00561,0.20902858643684205,6.185667990399719,0.34447619047619044
Cond00562,0.2057967442331771,6.389870813959868,0.3351904761904762
Cond00563,0.19795655477873497,6.3928057425566,0.3272380952380952
Cond00564,0.21255490565744603,6.317194682587226,0.3383214285714285
Cond00565,0.21229134636543612,6.2955705971897125,0.3445952380952381
Cond00566,0.2314346363048914,6.149280656249757,0.3729523809523809
Cond00567,0.18541606650143946,6.309222671197685,0.31995238095238093
Cond00568,0.21256232837754963,6.3035907089257295,0.3551190476190476
Cond00569,0.21262797688274074,6.2278403606567565,0.35194047619047614
Cond00570,0.20265952904390747,6.240661288042197,0.34077380952380953
Cond00571,0.211867862800615,6.559717376331698,0.3615952380952381
Cond00572,0.22380440574038984,6.113015309126894,0.3497738095238095
Cond00573,0.20954767912986627,6.232642781201531,0.34047619047619043
Cond00574,0.20978931473298826,6.0538335698776,0.35569047619047617
Cond00575,0.19094470320269097,6.245835879573147,0.34309523809523806
Cond00576,0.0026944372396397625,18.365082562488666,0.08335714285714281
Cond00577,0.3949128762868299,26.616021303677552,1.3030357142857143
Cond00578,0.33295964419434837,25.95459058548334,1.292436224489796
Cond00579,0.2662179083450501,26.770970211949493,1.2802142857142857
Cond00580,0.14207028443095496,31.86189681047675,0.45028571428571423
Cond00581,0.3986657931371835,23.825212003048957,1.3298333333333334
Cond00582,0.3968614612285997,22.684013225147027,1.3086190476190478
Cond00583,0.39446198994004217,21.063197656556042,1.0561904761904761
Cond00584,0.3797019723185257,20.01060328857359,0.923
Cond00585,0.37037614471085084,25.56669701368484,1.3540714285714286
Cond00586,0.3952418463258776,23.022176021879662,1.3514880952380952
Cond00587,0.38552670758686497,21.101428363392788,1.1588095238095237
Cond00588,0.3709853672060956,20.19469946744005,1.037547619047619
Cond00589,0.3843258970880414,19.859918993836107,0.9854166666666666
Cond00590,0.13668582898024026,32.07459103881715,0.2724880952380952
Cond00591,0.15111634452197464,26.497931405989476,0.36134523809523805
Cond00592,0.19226152766160443,26.887156069593583,0.9150119047619047
Cond00593,0.3688793429529607,25.297611299296502,1.3244404761904762
Cond00594,0.3936499423478228,23.357114281047156,1.111595238095238
Cond00595,0.31629833348669556,31.423346798113286,1.2876428571428573
Cond00596,0.23487327171307545,29.200057584549608,0.8828333333333335
Cond00597,0.40593270490429106,23.295027271185134,1.327202380952381
Cond00598,0.4191683492889718,22.299763626990885,1.2901785714285714
Cond00599,0.3885073130324368,17.401600482626506,0.8363766233766234
Cond00600,0.2400609034175181,23.93304962354874,1.3324285714285715
Cond00601,0.3315282231726909,27.2240832660779,1.3065357142857144
Cond00602,0.3507665182216673,23.743363637265016,1.3623809523809525
Cond00603,0.3865229492389928,23.145976992801867,1.3218809523809523
Cond00605,0.30001601324066757,25.957081442463277,1.306904761904762
Cond00606,0.36382533966724084,25.000626082412577,1.3583452380952383
Cond00607,0.32370266323399427,26.49370419082616,1.323190476190476
Cond00608,0.3124086439984726,26.1940225060012,1.3275357142857143
Cond00609,0.3775428947804685,25.78400768258609,1.3122619047619049
Cond00610,0.34569545241612215,26.642324593508935,1.3219285714285713
Cond00611,0.3557408847892169,26.443222740973557,1.3315
Cond00612,0.3508613132845739,25.88340978414587,1.3535000000000001
Cond00613,0.24364168137664702,26.65916226261109,1.3634761904761905
Cond00614,0.390207235104413,26.18354504321199,1.384785714285714
Cond00615,0.39442819831439574,19.093756572097714,1.3244285714285715
Cond00616,0.37202226634675545,20.074737398535756,1.3065357142857144
Cond00617,0.3915719624328429,19.224759082094256,1.3286428571428572
Cond00618,0.3422023361475545,21.68114150767587,1.2865238095238094
Cond00619,0.369336851489354,19.499214927952625,1.38275
Cond00620,0.3665734655252029,21.044879005476286,1.3270357142857143
Cond00621,0.38449973657566305,20.441440990374634,1.3379285714285716
Cond00622,0.4247106098508589,19.510599029944967,1.3670714285714285
Cond00623,0.4091795277847681,18.69064891176441,1.3751309523809523
Cond00624,0.421372048247596,18.38934646930293,1.400202380952381
Cond00625,0.3553309461500136,25.917613461672506,1.3337142857142856
Cond00626,0.3816771799932917,25.972351961915493,1.343190476190476
Cond00627,0.3897551352467441,29.039599658529905,1.327357142857143
Cond00628,0.4028805550331993,31.42892753974766,1.3273333333333333
Cond00629,0.396307443506187,27.04506363174376,1.1421309523809524
Cond00630,0.24611858485491497,26.667353422143165,1.081797619047619
Cond00631,0.22406265840061665,28.62103141287734,1.1303928571428572
Cond00632,0.31056737267195644,27.709959575362337,1.0766428571428572
Cond00633,0.3347868452935135,27.394368383845798,1.1042261904761903
Cond00634,0.3928203447255922,22.350607695526673,1.4083571428571426
Cond00635,0.3703986373689164,29.54859217516095,1.3211309523809525
Cond00636,0.34170871735235303,29.760049548228064,1.3002738095238096
Cond00637,0.054489372733028334,25.42203569209121,0.21385714285714283
Cond00638,0.37018834749009205,27.783207934251944,1.3378214285714287
Cond00639,0.3903668187822373,25.086991534715043,1.4273333333333333
Cond00640,0.3840497519508426,26.0076264079502,1.3551785714285716
Cond00641,0.24383544782254638,33.4423265933188,1.030797619047619
Cond00642,0.3288418811371811,25.830700489491832,1.3381666666666667
Cond00643,0.38813151651749583,24.94333267830862,1.3628928571428574
Cond00644,0.3947224296779992,23.434527859940143,1.2933214285714285
Cond00646,0.2535381963975933,25.783267789955772,1.3080476190476191
Cond00647,0.21471939171399904,26.18920518862747,1.2833809523809523
Cond00648,0.3838128437853097,23.616411076834186,1.3803452380952381
Cond00650,0.24262028261112098,29.709583487249972,1.260857142857143
Cond00651,0.3517989327963154,20.28744445651808,1.3466428571428573
Cond00652,0.3950339683090413,16.93137920297958,1.3712857142857142
Cond00653,0.4523165685864894,7.721532045189271,1.3447023809523808
Cond00654,0.43051323567565175,7.863329091437933,1.3865357142857142
Cond00655,0.024041628623877553,12.55000165406843,0.11739285714285713
Cond00656,0.046981501017141665,13.778125211801447,0.22072619047619046
Cond00657,0.039323495661915515,14.025182403804543,0.205
Cond00658,0.0112936996830211,23.999816538725785,0.09878571428571421
Cond00659,0.3282144276571248,21.96949974707573,1.2562976190476192
Cond00660,0.3768056679822151,26.394176415169444,1.3306666666666667
Cond00661,0.35187716657794516,26.09098489107566,1.3283095238095237
Cond00662,0.38307472080142796,26.58902211334416,1.329892857142857
Cond00663,0.3175740734429499,26.832011575580122,1.3194166666666667
Cond00664,0.3722748844282709,25.97947400773914,1.3804404761904763
Cond00665,0.3350883977398275,27.374076489116998,1.3160119047619048
Cond00666,0.38297101391884586,27.265012670356345,1.3285357142857144
Cond00667,0.3457039463570792,27.988943575079457,1.3127619047619048
Cond00668,0.3931408816351299,27.969513547617552,1.3326785714285716
Cond00669,0.39056231766518906,27.522859238142033,1.3460357142857144
Cond00670,0.33546176136300115,27.181871183573474,1.317595238095238
Cond00671,0.3513527661485405,26.113850900014473,1.339904761904762
Cond00672,0.320649707491637,27.55192962954925,1.3024285714285713
Cond00673,0.3507839551476657,27.718778658900447,1.3278333333333334
Cond00674,0.3757265194653534,28.050411713782676,1.375702380952381
Cond00675,0.2749554546001908,26.92407861608226,1.261095238095238
Cond00676,0.3730277439634535,25.666988979855432,1.3422261904761905
Cond00677,0.37908725305700663,25.872041337143955,1.3269880952380952
Cond00678,0.3578440374997729,25.964344530865464,1.3204642857142856
Cond00679,0.4073936981032542,24.741402187598098,1.4680238095238094
Cond00680,0.39776666689020573,9.38968251756545,1.371047619047619
Cond00681,0.3639216819447278,9.331986087206971,1.3740833333333333
Cond00682,0.36803697611459696,11.429105250795756,1.3594404761904764
Cond00683,0.40871925363488554,19.749010845698894,1.3726071428571427
Cond00684,0.3536763597772834,28.435257831555727,1.4009047619047619
Cond00685,0.31022379863831256,25.127678315500138,1.2993571428571429
Cond00686,0.31814077809292857,24.34853669507237,1.3204107142857144
Cond00687,0.3507502074392747,20.945858836579134,1.366125
Cond00688,0.39981873008207514,12.971615183832228,1.0968214285714286
Cond00689,0.3492295453054921,24.844626752613777,1.3337857142857144
Cond00690,0.28513840648472205,24.92533459418039,1.2849285714285714
Cond00691,0.31938781174137787,24.715069883856188,1.2991785714285715
Cond00692,0.27732863060289287,25.472532758818467,1.267875
Cond00693,0.3696291494584938,31.412505973261684,1.2853571428571429
Cond00694,0.3588349394808581,28.538722995044427,1.2729761904761905
Cond00695,0.3498589396998813,28.314210636540817,1.2516309523809523
Cond00696,0.3492919140469389,27.407685239573407,1.2878095238095237
Cond00697,0.35456030461815424,27.38751596952625,1.3408690476190477
Cond00698,0.3813289355396969,19.58611763619594,1.3476666666666668
Cond00699,0.3951062474329066,18.990843224805815,1.3704642857142855
Cond00700,0.37759070788548144,19.52253145400049,1.3648690476190477
Cond00701,0.013125994158593425,36.79662098154524,0.09605952380952376
Cond00702,0.003921468111412109,40.188819444482476,0.08896428571428566
Cond00703,0.3404004384399036,27.313170648547455,1.313547619047619
Cond00704,0.3485902530458513,27.21003799947087,1.3294642857142858
Cond00705,0.3682802301170724,26.761680628494304,1.3328809523809524
Cond00706,0.34464351293768214,26.65875098780685,1.325
Cond00707,0.2932236687169693,26.344660204405155,1.3093333333333332
Cond00708,0.3353667806178576,25.979802326271777,1.332702380952381
Cond00709,0.3958177630613113,26.271268683261656,1.3522738095238094
Cond00710,0.3387997832937247,26.812628555801215,1.3215
Cond00711,0.3045296019173071,27.45452003355798,1.3040119047619048
Cond00712,0.3819187284281164,25.634611041943344,1.3584285714285713
Cond00713,0.39848592270588074,25.598434703377652,1.3085357142857144
Cond00714,0.39968055821852394,25.31276687354436,1.3025833333333334
Cond00715,0.3974799399987666,25.401878202192208,1.3029761904761905
Cond00716,0.4058501177766776,25.17424448389501,1.3140476190476191
Cond00717,0.07447737508772034,25.7932980576976,0.49571428571428566
Cond00718,0.38558697042108303,25.70581246614866,1.3529761904761903
Cond00719,0.3917167849624097,25.493040630863387,1.3587738095238093
Cond00720,0.36755387282979574,25.50756429242306,1.351738095238095
Cond00721,0.0800328156728649,28.795809193534737,0.25471428571428567
Cond00722,0.12104408707643306,30.209556834043898,0.31935714285714284
Cond00723,0.3868631583235782,25.65943658503134,1.312857142857143
Cond00724,0.3850399205429227,24.703000123256487,1.3299464285714286
Cond00725,0.27422434299327036,25.447973572828605,1.3324464285714286
Cond00726,0.3048391507431547,25.139181147898263,1.3321785714285714
Cond00727,0.38494067280020505,25.348449067813963,1.319267857142857
Cond00728,0.39035215705757703,24.708776208719428,1.326107142857143
Cond00729,0.38275131227426784,26.517929237317603,1.3234107142857143
Cond00730,0.2917418052487135,26.82653250910451,1.3439464285714287
Cond00731,0.009220325800422851,26.112596101112917,0.10049999999999995
Cond00732,0.00795531071624572,22.583425076181555,0.09893506493506488
Cond00733,0.01637524622736789,21.944497687435387,0.11096428571428567
Cond00734,0.01994171090938768,22.302820938105725,0.11697619047619044
Cond00735,0.3745458734984161,25.23849301835888,1.3661666666666668
Cond00736,0.3549246808894792,25.00880052745238,1.3427142857142857
Cond00737,0.3591253161333778,23.900668553859138,1.3519642857142857
Cond00738,0.3872713624104713,21.501858804374592,1.3509761904761906
Cond00739,0.41673945014489383,18.508754825260564,1.1748095238095237
Cond00740,0.0618585047500037,24.647179414494005,0.2058690476190476
Cond00741,0.08850486966624528,24.787699907719247,0.29878571428571427
Cond00742,0.22488499175062523,25.872173159203914,0.9026785714285714
Cond00743,0.4133467607561791,25.58062041727115,1.3344880952380953
Cond00744,0.4168977001625176,24.916553330958333,1.3663690476190478
Cond00745,0.3666860218025189,25.645339939445453,1.3066428571428572
Cond00746,0.33645100678688905,25.838792309304214,1.3064761904761906
Cond00747,0.32047023898149574,25.948696249691892,1.311761904761905
Cond00748,0.32847640207650086,26.853375082947796,1.3571785714285713
Cond00749,0.3625962938264802,26.322667593036858,1.3761904761904764
Cond00750,0.3769838230701548,26.52864556507475,1.3561666666666667
Cond00751,0.3948706556193317,26.38522524682465,1.3603214285714287
Cond00752,0.33851892525164934,29.582793670849842,1.290845238095238
Cond00753,0.32952994874425295,26.698100784699978,1.3170357142857145
Cond00754,0.3536655159153675,26.152369958133423,1.3720833333333333
Cond00755,0.24956876353454252,26.38021556940556,1.3339285714285714
Cond00756,0.3505742438824781,26.131312205219515,1.3422857142857143
Cond00757,0.3513594315237642,26.19705907912284,1.3356190476190477
Cond00758,0.38491868096475074,26.566782488112025,1.3113452380952382
Cond00759,0.3678345542810281,28.104374636422406,1.3170119047619047
Cond00760,0.3232907694626526,24.68397068595344,1.3205714285714285
Cond00761,0.314685492183645,23.69193338510067,1.3280119047619048
Cond00762,0.3852572226488731,23.511507873779607,1.3353214285714285
Cond00763,0.3401067244180482,24.687270891953762,1.3704761904761904
Cond00764,0.33739279734110345,25.2450499709875,1.3642619047619047
Cond00765,0.349489825582094,23.84759578890402,1.3285476190476189
Cond00766,0.3081083847739839,24.391809025231865,1.3218571428571428
Cond00767,0.27674021002202753,23.723353139764132,1.34575
Cond00768,0.395623362551547,23.376489458379705,1.3611666666666666
Cond00769,0.3147347711414979,24.12749633392372,1.3399166666666666
Cond00770,0.34471053712392136,24.33422323009043,1.3534047619047618
Cond00771,0.38169546879725225,24.096539114688927,1.3500238095238097
Cond00772,0.3521288986521169,24.7429434607043,1.3488452380952383
Cond00773,0.3339189482736382,25.26377642631279,1.3281785714285714
Cond00774,0.17069699468785338,28.03754706922942,0.7044166666666666
Cond00775,0.39459093213198465,21.161647779939628,1.3448809523809524
Cond00776,0.3694205322320423,21.18747877685595,1.3526666666666667
Cond00777,0.36416865053341424,21.769805290833364,1.3551071428571426
Cond00778,0.34531092708337646,28.171299409278237,1.2842619047619046
Cond00779,0.34788160399316226,30.42430245086946,1.3053809523809523
Cond00780,0.361086231068001,24.225435197828105,1.335357142857143
Cond00781,0.3933427713201289,23.67843556917722,1.3509285714285715
Cond00782,0.4013546186402089,23.85570894657853,1.3501666666666667
Cond00783,0.3901959703258133,23.88335331623739,1.3569285714285713
Cond00784,0.39651400537805576,23.922717946213208,1.3658571428571429
Cond00785,0.3785757050792879,24.0017178661092,1.3290595238095237
Cond00786,0.391070662349097,24.03011923801832,1.331452380952381
Cond00787,0.401717782222264,23.57902357588082,1.3413214285714286
Cond00788,0.3843057449234351,23.85304336956733,1.3334642857142855
Cond00789,0.39909732070111,23.868129952998583,1.365892857142857
Cond00790,0.3528533317109242,9.543022411160122,0.8032380952380952
Cond00791,0.33733690392269566,9.592968057576732,0.8856666666666667
Cond00792,0.3365453326117003,9.735418136888503,0.9326904761904761
Cond00793,0.32912069147625106,10.661146160793697,0.9576428571428571
Cond00794,0.3209350032169364,11.617370457648464,0.9975562770562771
Cond00795,0.32044218853441775,14.23537857591731,1.0369285714285714
Cond00796,0.33360150096015384,11.471888479237775,1.0190476190476192
Cond00797,0.3252177430265048,11.115784030896087,1.019809523809524
Cond00798,0.33413494632953816,10.928724251346443,1.015095238095238
Cond00799,0.3389297208574292,10.208819110927697,0.8949285714285714
Cond00800,0.3296233281816754,10.643769433550824,0.931404761904762
Cond00801,0.3266241557851519,11.015149816170977,0.965095238095238
Cond00802,0.3064800596038943,12.345935121123519,1.0050714285714284
Cond00803,0.18100876107010175,11.134206298861317,0.22695238095238093
Cond00804,0.2002342043838791,9.195392371711716,0.25257142857142856
Cond00805,0.2703302786576805,9.414580303425128,0.39090476190476187
Cond00806,0.3620952342106513,10.114691029979435,0.860761904761905
Cond00807,0.3180437517495801,11.377809714141826,1.000190476190476
Cond00808,0.32122458107559965,11.601007931657849,0.9943333333333332
Cond00809,0.32286585652355027,11.505558577907385,1.0151666666666666
Cond00810,0.2746369213017185,14.611485632918741,0.887595238095238
Cond00811,0.3190778436344945,11.304854339853271,1.017404761904762
Cond00812,0.3211061821303036,11.345059274918706,1.0209285714285714
Cond00813,0.31806775301113094,11.258983005567089,1.0290714285714286
Cond00814,0.2881595589273462,13.796661753896105,0.9149761904761905
Cond00815,0.3210495508415044,11.87399550272548,0.9807857142857141
Cond00816,0.32096060632488194,11.829177418912826,0.9814047619047619
Cond00817,0.3282080777253387,11.620266913138673,0.9792380952380951
Cond00818,0.31601662918506274,12.278469962859864,0.969190476190476
Cond00819,0.30127755432460385,12.278432683716403,0.8632380952380952
Cond00820,0.3059675408037761,11.802772262800167,0.8755714285714286
Cond00821,0.3055911367415582,11.589732234080245,0.9136904761904762
Cond00822,0.32670153012652303,11.424148106199326,0.9998571428571429
Cond00823,0.3239998318005926,12.080724135725482,0.9469047619047618
Cond00824,0.32021341247935753,11.881107221453746,0.9895714285714284
Cond00825,0.31949391395238075,11.762446997310228,1.0115714285714286
Cond00826,0.3314471248994236,11.436608713303512,0.9869285714285714
Cond00827,0.3180060244671633,12.150812235434792,1.0134761904761904
Cond00828,0.30684168416083374,11.486042862262815,1.0331190476190477
Cond00829,0.32065813211067423,11.714582674016507,1.0420714285714288
Cond00830,0.3367860558658551,12.032877980790696,0.977642857142857
Cond00831,0.3236609335765071,11.509551741220148,0.9704285714285715
Cond00832,0.33351253619553983,12.11243219331674,0.9981428571428571
Cond00833,0.32142715284128937,15.432767355910984,0.9567142857142857
Cond00834,0.29660593972170096,19.39657247956879,0.9385476190476191
Cond00835,0.30814523786850184,13.710788987265248,0.944904761904762
Cond00836,0.3158893371289961,13.476471071256809,0.9689761904761904
Cond00837,0.3097382065793304,12.50639164162583,0.9760238095238095
Cond00838,0.3586757378179129,11.716578172761034,1.0053809523809523
Cond00839,0.3027369322024844,11.909819145583278,0.9695238095238095
Cond00840,0.30682662630146423,12.136791598575522,0.9858333333333332
Cond00841,0.31673010734436097,12.025484796805962,0.9855238095238095
Cond00842,0.3377324571324544,11.886690592538661,1.050904761904762
Cond00843,0.30933611745950523,12.113242759311348,0.9771666666666666
Cond00844,0.31486623700388233,10.309672303910894,1.0416190476190474
Cond00845,0.32162082802056485,11.805039059206393,1.0252142857142859
Cond00846,0.3226950059361318,12.299347783706601,0.9713333333333333
Cond00847,0.3166602689218672,11.735236588985382,0.9808809523809524
Cond00848,0.3157045812853357,11.829854779353186,0.9716190476190475
Cond00849,0.3193343969376863,11.710540526257844,0.9836190476190475
Cond00850,0.33113411948248017,11.284794756149031,0.9894761904761905
Cond00851,0.2708419582919486,11.848969253499098,0.9924761904761904
Cond00852,0.27202986269332685,11.694959597814629,1.0041666666666667
Cond00853,0.2753910086212557,11.266265699052907,1.0176904761904761
Cond00854,0.32870683055354766,12.172868569846282,1.3359523809523808
Cond00855,0.2740599190366402,11.128462418774681,1.0003809523809524
Cond00856,0.269289427830722,10.906898937141074,1.0024761904761905
Cond00857,0.2920261279471362,10.802803384150828,0.9443809523809524
Cond00858,0.2823770613614548,10.756713155245572,0.9603809523809524
Cond00859,0.2729014141256473,12.727659424979002,0.9044285714285715
Cond00860,0.2664120068467239,11.76259087078055,0.919
Cond00861,0.2708682291826296,11.770984282672837,0.920547619047619
Cond00862,0.27789929115776774,11.66591906557712,1.0212619047619047
Cond00863,0.318475165221554,14.25479059137781,1.0687619047619048
Cond00864,0.31246365122687897,12.38230879653532,1.0557380952380953
Cond00865,0.3250536134661936,11.768220434542819,1.1445
Cond00866,0.33518492002475236,11.624632897895466,0.9737857142857141
Cond00867,0.31967872227928446,11.518212130604885,0.9925714285714285
Cond00868,0.3201910897368248,11.397091517721828,1.0137619047619049
Cond00869,0.3186880198223174,11.407425805850664,1.0173333333333332
Cond00870,0.3236155043751062,11.461063517161342,0.9739761904761904
Cond00871,0.32088279702549505,11.65335619259258,0.9501666666666666
Cond00872,0.32784621202915426,11.527129460860833,0.9812857142857142
Cond00873,0.35405185874748907,12.212803583719674,1.0028095238095238
Cond00874,0.37452624736951895,13.143036476357999,1.287547619047619
Cond00875,0.3169061518211976,11.786883494926132,0.9663809523809523
Cond00876,0.32174178039190354,11.407473665204213,0.9894047619047619
Cond00877,0.32404216562476923,11.003986050299345,1.0152619047619047
Cond00878,0.33246809620508705,11.11120099280607,0.9863571428571429
Cond00879,0.3206002542570299,12.55649908462633,0.9623571428571429
Cond00880,0.320492970771113,11.860474221429051,0.9741904761904762
Cond00881,0.3221590680480505,11.623497344020857,0.9698333333333332
Cond00882,0.3369806759229126,11.912812273857384,1.028190476190476
Cond00883,0.32837073842075726,12.116955501255525,0.984690476190476
Cond00884,0.32493613990282294,11.482114643302134,1.015238095238095
Cond00885,0.32663005380672083,11.525575544467438,1.0316190476190474
Cond00886,0.3206445249787009,11.517873724860486,1.0422142857142858
Cond00887,0.30230192312305554,11.431824608620579,0.9581666666666667
Cond00888,0.30957101051830205,11.513084435466459,0.9723571428571427
Cond00889,0.31381877512577144,11.32953868498887,0.9837619047619047
Cond00890,0.32251009878984704,11.426917180074826,0.9955714285714286
Cond00891,0.3174601602087876,11.38882553521029,0.9734761904761905
Cond00892,0.3169216387472393,11.069793772622615,0.9844523809523809
Cond00893,0.3294776525450552,12.428238761270498,0.9627619047619046
Cond00894,0.3332824280542395,11.178622411218496,0.9201428571428573
Cond00895,0.32222791842827175,11.502363781436287,0.9872142857142857
Cond00896,0.3258417512576493,11.469691418750386,0.9705476190476191
Cond00897,0.3280571432590826,11.55317104052032,0.9890238095238094
Cond00898,0.31874742509155607,11.56589706029417,0.9877380952380953
Cond00899,0.3306436850332693,11.246947743409775,0.9691904761904762
Cond00900,0.33257077573459176,11.14576135011299,0.979452380952381
Cond00901,0.32456697071908475,11.588023247257253,0.989642857142857
Cond00902,0.32836895062093935,11.262418747922917,0.999047619047619
Cond00903,0.20645450016579545,11.85590461739161,0.2949523809523809
Cond00904,0.2681280467240748,11.916023179356207,0.4901190476190476
Cond00905,0.3166078063555718,11.836941753858454,0.8260238095238095
Cond00906,0.32688319735646065,11.618412435701424,0.9673809523809523
Cond00907,0.3285948916129215,11.595479609280822,0.9722857142857143
Cond00908,0.3269718923805765,11.679801116112435,0.9743095238095237
Cond00909,0.3296287757660616,11.70950192264793,0.9618809523809523
Cond00910,0.3276867380854809,11.760525624658046,0.9592857142857142
Cond00911,0.32302791022274485,11.759127061508929,0.9721666666666667
Cond00912,0.3250531713893718,11.760638812328123,0.987
Cond00913,0.3324553033667887,11.768927867564129,1.0092857142857143
Cond00914,0.3306615521229704,11.697299235533157,1.040047619047619
Cond00915,0.3275968557831456,11.505936844957228,0.9839047619047618
Cond00916,0.33068412737572095,11.590511328852202,1.021595238095238
Cond00917,0.3320230568674823,11.641644940636539,1.0289523809523808
Cond00918,0.3313212139909191,11.514515728329755,1.0402380952380952
Cond00919,0.3250237159004977,11.625369331193985,1.0137857142857143
Cond00920,0.32437522450917017,11.595728955808768,0.9975952380952382
Cond00921,0.32761147470660207,11.708665646287608,0.9789285714285715
Cond00922,0.32245781605253726,11.859950802490909,0.9824761904761904
Cond00923,0.31861620383636824,11.7213661289684,0.9816904761904762
Cond00924,0.3252568571950692,11.43464266703132,0.9894523809523811
Cond00925,0.325756646305637,11.433317157186954,0.9888095238095237
Cond00926,0.2942444156023301,12.690939997193325,0.9699523809523809
Cond00927,0.27720902950333876,11.764760967574105,0.7463571428571428
Cond00928,0.28592909105339726,11.822573147079531,0.7667142857142858
Cond00929,0.3148326850064214,11.919148512251772,0.9229285714285714
Cond00930,0.31724051594995534,11.704517419675234,0.9941666666666666
Cond00931,0.32091432750556653,11.700437234723596,0.9928333333333333
Cond00932,0.3261639125326797,11.696523247581778,1.0029047619047617
Cond00933,0.32353515692605694,11.652493444408512,1.0096666666666667
Cond00934,0.3260138336275286,11.691268019720283,1.020452380952381
Cond00935,0.3197199638353274,11.831892329392955,0.9803333333333333
Cond00936,0.3206578647538156,11.824654934229267,0.9760952380952381
Cond00937,0.32261811562165416,11.929257369228878,0.9818571428571428
Cond00938,0.3190915633318172,11.948062952103777,1.0047857142857144
Cond00939,0.32000993370008723,11.863184065275354,0.9758333333333332
Cond00940,0.31998674458137283,11.821425763443804,0.9850238095238094
Cond00941,0.32295682166557704,11.771745158588823,0.9548571428571427
Cond00942,0.32346956765630935,11.778252510390965,0.9809761904761904
Cond00943,0.331002154278054,11.748545935035269,1.014142857142857
Cond00944,0.3267560348531029,11.762005209016055,1.0703333333333331
Cond00945,0.3251200839874531,11.827011094347334,1.084642857142857
Cond00946,0.32635338927122376,11.853888039918393,1.1109047619047618
Cond00947,0.32665523260553675,11.77306205695492,0.9847857142857143
Cond00948,0.3324142901056896,11.750776768615692,1.0103095238095239
Cond00949,0.32819915772711505,11.68155380969185,1.025452380952381
Cond00950,0.3260773879346991,11.868193922060819,1.0313333333333332
Cond00951,0.3274233152527682,11.585261461172033,0.9854761904761905
Cond00952,0.32790535298118534,11.58505002324992,0.981095238095238
Cond00953,0.3282759736069862,11.640376064440977,1.0072619047619047
Cond00954,0.3272768978497924,11.700548581256468,1.025595238095238
Cond00955,0.3289337276279733,11.650078493076627,0.9908809523809525
Cond00956,0.3256827898812666,11.448853802003931,0.9998095238095237
Cond00957,0.33116095496653486,11.651483692589993,1.019642857142857
Cond00958,0.32666891171613527,11.871086427087631,1.0327619047619045
Cond00959,0.3302243073338241,11.604097921002927,0.9816190476190476
Cond00960,0.3313072659230308,11.250574064226974,0.9872142857142857
Cond00961,0.33576645205340494,11.675392601959606,1.0191904761904762
Cond00962,0.3244504115814178,11.964030721360947,0.9850476190476192
Cond00963,0.3283067258357823,11.534748392223591,0.9729285714285713
Cond00964,0.3282344417991248,11.537213188374253,0.9908333333333332
Cond00965,0.32892807292399906,11.5020413315491,1.0043333333333333
Cond00966,0.32702491208614526,11.90603308196583,1.0396190476190477
Cond00967,0.12356856013658722,14.35645157829059,0.16374999999999998
Cond00968,0.13174966264939383,13.230300159702113,0.1769285714285714
Cond00969,0.19536399423751027,12.600195522765993,0.2552738095238095
Cond00970,0.20851837299939424,12.319386485954562,0.3752678571428571
Cond00971,0.19504390661004625,12.493953216713145,0.4099523809523809
Cond00972,0.16759130099498087,12.346036603002467,0.29696428571428574
Cond00973,0.21801528822261684,12.314242816955414,0.32226190476190475
Cond00974,0.21610008985983586,12.029307942231304,0.3509642857142857
Cond00975,0.1978409847767015,12.505665128767284,0.4071190476190476
Cond00976,0.19335082445631205,9.6298718831618,0.23328571428571424
Cond00977,0.18611480025656693,9.86364112535693,0.23569642857142856
Cond00978,0.17782574146431215,10.627755699278735,0.22963095238095235
Cond00979,0.18090492326760252,10.83449407089435,0.22951190476190472
Cond00980,0.16760771317642742,11.875225202127332,0.21449999999999994
Cond00981,0.2466197756189342,8.845263361276613,0.3051904761904762
Cond00982,0.28113392317823077,9.222328053038236,0.42363095238095233
Cond00983,0.41222695996016184,10.116435939068891,1.1635
Cond00984,0.3516797874731952,10.614580189064583,0.9629166666666666
Cond00985,0.2567775857601144,11.446449189763454,1.294875
Cond00986,0.2845515614269873,11.541254274952037,1.3526428571428573
Cond00987,0.325524237975752,11.696688697122823,1.3058214285714285
Cond00988,0.33217207589825204,11.776233512161438,1.022345238095238
Cond00989,0.2831263040962655,14.514968053545132,0.9551547619047619
Cond00990,0.2637859771126695,11.604118253481545,1.2716071428571427
Cond00991,0.3242186695247865,11.681755342239356,1.3340833333333333
Cond00992,0.3272549085607434,11.808635454939102,1.045642857142857
Cond00993,0.2911604080405971,13.738366688246328,0.9284285714285714
Cond00994,0.2245115277467877,23.48121699874103,0.8572321428571428
Cond00995,0.24385495250653913,20.690110739400293,0.9786309523809523
Cond00996,0.25232133340757795,20.06699659112442,1.0805
Cond00997,0.2509857152068902,17.964331459876252,0.9854523809523809
Cond00998,0.24428846535285068,11.787564223530856,1.0315238095238095
Cond00999,0.1702514593311197,28.259290827747694,0.4252619047619048
Cond01000,0.34898238781673835,11.376226059902523,0.8490000000000001
Cond01001,0.4426282577977396,6.241039137667182,0.9425119047619047
Cond01002,0.2977128926005412,6.613120323383483,1.0249642857142856
Cond01003,0.20951837250471828,20.51223765691807,0.6030595238095238
Cond01004,0.2943136755727548,23.775256759503545,0.9478214285714285
Cond01005,0.25987981398330745,22.73379147163891,0.955047619047619
Cond01006,0.17950908559668943,18.13792984638948,1.0510714285714287
Cond01007,0.2049027325470377,19.145170638759947,0.9116785714285714
Cond01008,0.233232657060918,30.603804229848198,1.0098095238095237
Cond01009,0.39330086398960745,14.052102122422651,0.9456309523809523
Cond01010,0.44323753661345067,6.20934562586084,0.9562380952380952
Cond01011,0.4397908670071693,6.405767032497313,1.051904761904762
Cond01012,0.4528142747148632,5.686505001915776,0.7166904761904762
Cond01013,0.494734853792744,5.823748838873899,0.9355119047619048
Cond01014,0.49452852073492526,5.9939282348115634,0.9839523809523808
Cond01015,0.5010497814176358,6.052638353988517,1.0285238095238096
Cond01016,0.49109013191451517,6.412013142225625,1.1196666666666666
Cond01017,0.490620749317397,5.7760809794767125,0.7508214285714286
Cond01018,0.47057720747086185,5.589383922278752,0.7474404761904762
Cond01019,0.4513791462523347,5.6601912702818415,0.7000714285714286
Cond01020,0.4697551092199155,5.593474378113857,0.7532142857142857
Cond01021,0.4930060062448227,6.083423109990817,0.9342738095238096
Cond01022,0.462512965791462,5.6649225582631075,0.872904761904762
Cond01023,0.42289368229294855,5.9908530867888,0.9445
Cond01024,0.4676763223586155,6.103497742117129,0.9183571428571429
Cond01025,0.39975437869164093,6.0658360167656395,0.9126190476190476
Cond01026,0.42636922465908583,18.890532236526823,0.9395714285714285
Cond01027,0.47547195091246447,5.758617407591323,0.9339523809523809
Cond01028,0.49195464855962984,5.7976896345408155,0.9597619047619047
Cond01029,0.5137594461295821,5.9918795044502575,0.9772380952380954
