Curve12829,g,,,,,
Curve12830,g,,,,,
Curve12831,g,,,,,
Curve12832,g,,,,,
Curve12833,g,,,,,
Curve12834,g,,,,,
Curve12835,g,,,,,
Curve12836,g,,,,,
Curve12837,g,,,,,
Curve12838,g,,,,,
Curve12839,g,,,,,
Curve12840,g,,,,,
Curve12841,g,,,,,
Curve12842,g,,,,,
Curve12843,g,,,,,
Curve12844,g,,,,,
Curve12845,g,,,,,
Curve12846,g,,,,,
Curve12847,g,,,,,
Curve12848,g,,,,,
Curve12849,g,,,,,
Curve12850,g,,,,,
Curve12851,g,,,,,
Curve12852,g,,,,,
Curve12853,g,,,,,
Curve12854,g,,,,,
Curve12855,g,,,,,
Curve12856,g,,,,,
Curve12857,g,,,,,
Curve12858,g,,,,,
Curve12859,g,,,,,
Curve12860,g,,,,,
Curve12861,g,,,,,
Curve12862,g,,,,,
Curve12863,g,,,,,
Curve12864,g,,,,,
Curve12865,g,,,,,
Curve12866,g,,,,,
Curve12867,g,,,,,
Curve12868,g,,,,,
Curve12869,g,,,,,
Curve12870,g,,,,,
Curve12871,g,,,,,
Curve12872,g,,,,,
Curve12873,g,,,,,
Curve12874,g,,,,,
Curve12875,g,,,,,
Curve12876,g,,,,,
Curve12877,g,,,,,
Curve12878,g,,,,,
Curve12879,g,,,,,
Curve12880,g,,,,,
Curve12881,g,,,,,
Curve12882,g,,,,,
Curve12883,g,,,,,
Curve12884,g,,,,,
Curve12885,g,,,,,
Curve12886,g,,,,,
Curve12887,g,,,,,
Curve12888,g,,,,,
Curve12889,g,,,,,
Curve12890,g,,,,,
Curve12891,g,,,,,
Curve12892,g,,,,,
Curve12893,g,,,,,
Curve12894,g,,,,,
Curve12895,g,,,,,
Curve12896,g,,,,,
Curve12897,g,,,,,
Curve12898,g,,,,,
Curve12899,g,,,,,
Curve12900,g,,,,,
Curve12901,g,,,,,
Curve12902,g,,,,,
Curve12903,g,,,,,
Curve12904,g,,,,,
Curve12905,g,,,,,
Curve12906,g,,,,,
Curve12907,g,,,,,
Curve12908,g,,,,,
Curve12909,g,,,,,
Curve12910,g,,,,,
Curve12911,g,,,,,
Curve12912,g,,,,,
Curve12913,g,,,,,
Curve12914,g,,,,,
Curve12915,g,,,,,
Curve12916,g,,,,,
Curve12917,g,,,,,
Curve12918,g,,,,,
Curve12919,g,,,,,
Curve12920,g,,,,,
Curve12921,g,,,,,
Curve12922,g,,,,,
Curve12923,g,,,,,
Curve12924,g,,,,,
Curve12925,g,,,,,
Curve12926,g,,,,,
Curve12927,g,,,,,
Curve12928,g,,,,,
Curve12929,g,,,,,
Curve12930,g,,,,,
Curve12931,g,,,,,
Curve12932,g,,,,,
Curve12933,g,,,,,
Curve12934,g,,,,,
Curve12935,g,,,,,
Curve12936,g,,,,,
Curve12937,g,,,,,
Curve12938,g,,,,,
Curve12939,g,,,,,
Curve12940,g,,,,,
Curve12941,g,,,,,
Curve12942,g,,,,,
Curve12943,g,,,,,
Curve12944,g,,,,,
Curve12945,g,,,,,
Curve12946,g,,,,,
Curve12947,g,,,,,
Curve12948,g,,,,,
Curve12949,g,,,,,
Curve12950,g,,,,,
Curve12951,g,,,,,
Curve12952,g,,,,,
Curve12953,g,,,,,
Curve12954,g,,,,,
Curve12955,g,,,,,
Curve12956,g,,,,,
Curve12957,g,,,,,
Curve12958,g,,,,,
Curve12959,g,,,,,
Curve12960,g,,,,,
Curve12961,g,,,,,
Curve12962,g,,,,,
Curve12963,g,,,,,
Curve12964,g,,,,,
Curve12965,g,,,,,
Curve12966,g,,,,,
Curve12967,g,,,,,
Curve12968,g,,,,,
Curve12969,g,,,,,
Curve12970,g,,,,,
Curve12971,g,,,,,
Curve12972,g,,,,,
Curve12973,g,,,,,
Curve12974,g,,,,,
Curve12975,g,,,,,
Curve12976,g,,,,,
Curve12977,g,,,,,
Curve12978,g,,,,,
Curve12979,g,,,,,
Curve12980,g,,,,,
Curve12981,g,,,,,
Curve12982,g,,,,,
Curve12983,g,,,,,
Curve12984,g,,,,,
Curve12985,g,,,,,
Curve12986,g,,,,,
Curve12987,g,,,,,
Curve12988,g,,,,,
Curve12989,g,,,,,
Curve12990,g,,,,,
Curve12991,g,,,,,
Curve12992,g,,,,,
Curve12993,g,,,,,
Curve12994,g,,,,,
Curve12995,g,,,,,
Curve12996,g,,,,,
Curve12997,g,,,,,
Curve12998,g,,,,,
Curve12999,g,,,,,
Curve13000,g,,,,,
Curve13001,g,,,,,
Curve13002,g,,,,,
Curve13003,g,,,,,
Curve13004,g,,,,,
Curve13005,g,,,,,
Curve13006,g,,,,,
Curve13007,g,,,,,
Curve13008,g,,,,,
Curve13009,g,,,,,
Curve13010,g,,,,,
Curve13011,g,,,,,
Curve13012,g,,,,,
Curve13013,g,,,,,
Curve13014,g,,,,,
Curve13015,g,,,,,
Curve13016,g,,,,,
Curve13017,g,,,,,
Curve13018,g,,,,,
Curve13019,g,,,,,
Curve13020,g,,,,,
Curve13021,g,,,,,
Curve13022,g,,,,,
Curve13023,g,,,,,
Curve13024,g,,,,,
Curve13025,g,,,,,
Curve13026,g,,,,,
Curve13027,g,,,,,
Curve13028,g,,,,,
Curve13029,g,,,,,
Curve13030,g,,,,,
Curve13031,g,,,,,
Curve13032,g,,,,,
Curve13033,g,,,,,
Curve13034,g,,,,,
Curve13035,g,,,,,
Curve13036,g,,,,,
Curve13037,g,,,,,
Curve13038,g,,,,,
Curve13039,g,,,,,
Curve13040,g,,,,,
Curve13041,g,,,,,
Curve13042,g,,,,,
Curve13043,g,,,,,
Curve13044,g,,,,,
Curve13045,g,,,,,
Curve13046,g,,,,,
Curve13047,g,,,,,
Curve13048,g,,,,,
Curve13049,g,,,,,
Curve13050,g,,,,,
Curve13051,g,,,,,
Curve13052,g,,,,,
Curve13053,g,,,,,
Curve13054,g,,,,,
Curve13055,g,,,,,
Curve13056,g,,,,,
Curve13057,g,,,,,
Curve13058,g,,,,,
Curve13059,g,,,,,
Curve13060,g,,,,,
Curve13061,g,,,,,
Curve13062,g,,,,,
Curve13063,g,,,,,
Curve13064,g,,,,,
Curve13065,g,,,,,
Curve13066,g,,,,,
Curve13067,g,,,,,
Curve13068,g,,,,,
Curve13069,g,,,,,
Curve13070,g,,,,,
Curve13071,g,,,,,
Curve13072,g,,,,,
Curve13073,g,,,,,
Curve13074,g,,,,,
Curve13075,g,,,,,
Curve13076,g,,,,,
Curve13077,g,,,,,
Curve13078,g,,,,,
Curve13079,g,,,,,
Curve13080,g,,,,,
Curve13081,g,,,,,
Curve13082,g,,,,,
Curve13083,g,,,,,
Curve13084,g,,,,,
Curve13085,g,,,,,
Curve13086,g,,,,,
Curve13087,g,,,,,
Curve13088,g,,,,,
Curve13089,g,,,,,
Curve13090,g,,,,,
Curve13091,g,,,,,
Curve13092,g,,,,,
Curve13093,g,,,,,
Curve13094,g,,,,,
Curve13095,g,,,,,
Curve13096,g,,,,,
Curve13097,g,,,,,
Curve13098,g,,,,,
Curve13099,g,,,,,
Curve13100,g,,,,,
Curve13101,g,,,,,
Curve13102,g,,,,,
Curve13103,g,,,,,
Curve13104,g,,,,,
Curve13105,g,,,,,
Curve13106,g,,,,,
Curve13107,g,,,,,
Curve13108,g,,,,,
Curve13109,g,,,,,
Curve13110,g,,,,,
Curve13111,g,,,,,
Curve13112,g,,,,,
Curve13113,g,,,,,
Curve13114,g,,,,,
Curve13115,g,,,,,
Curve13116,g,,,,,
Curve13117,g,,,,,
Curve13118,g,,,,,
Curve13119,g,,,,,
Curve13120,g,,,,,
Curve13121,g,,,,,
Curve13122,g,,,,,
Curve13123,g,,,,,
Curve13124,g,,,,,
Curve13125,g,,,,,
Curve13126,g,,,,,
Curve13127,g,,,,,
Curve13128,g,,,,,
Curve13129,g,,,,,
Curve13130,g,,,,,
Curve13131,g,,,,,
Curve13132,g,,,,,
Curve13133,g,,,,,
Curve13134,g,,,,,
Curve13135,g,,,,,
Curve13136,g,,,,,
Curve13137,g,,,,,
Curve13138,g,,,,,
Curve13139,g,,,,,
Curve13140,g,,,,,
Curve13141,g,,,,,
Curve13142,g,,,,,
Curve13143,g,,,,,
Curve13144,g,,,,,
Curve13145,g,,,,,
Curve13146,g,,,,,
Curve13147,g,,,,,
Curve13148,g,,,,,
Curve13149,g,,,,,
Curve13150,g,,,,,
Curve13151,g,,,,,
Curve13152,g,,,,,
Curve13153,g,,,,,
Curve13154,g,,,,,
Curve13155,g,,,,,
Curve13156,g,,,,,
Curve13157,g,,,,,
Curve13158,g,,,,,
Curve13159,g,,,,,
Curve13160,g,,,,,
Curve13161,g,,,,,
Curve13162,g,,,,,
Curve13163,g,,,,,
Curve13164,g,,,,,
Curve13165,g,,,,,
Curve13166,g,,,,,
Curve13167,g,,,,,
Curve13168,g,,,,,
Curve13169,g,,,,,
Curve13170,g,,,,,
Curve13171,g,,,,,
Curve13172,g,,,,,
Curve13173,g,,,,,
Curve13174,g,,,,,
Curve13175,g,,,,,
Curve13176,g,,,,,
Curve13177,g,,,,,
Curve13178,g,,,,,
Curve13179,g,,,,,
Curve13180,g,,,,,
Curve13181,g,,,,,
Curve13182,g,,,,,
Curve13183,g,,,,,
Curve13184,g,,,,,
Curve13185,g,,,,,
Curve13186,g,,,,,
Curve13187,g,,,,,
Curve13188,g,,,,,
Curve13189,g,,,,,
Curve13190,g,,,,,
Curve13191,g,,,,,
Curve13192,g,,,,,
Curve13193,g,,,,,
Curve13194,g,,,,,
Curve13195,g,,,,,
Curve13196,g,,,,,
Curve13197,g,,,,,
Curve13198,g,,,,,
Curve13199,g,,,,,
Curve13200,g,,,,,
Curve13201,g,,,,,
Curve13202,g,,,,,
Curve13203,g,,,,,
Curve13204,g,,,,,
Curve13205,g,,,,,
Curve13206,g,,,,,
Curve13207,g,,,,,
Curve13208,g,,,,,
Curve13209,g,,,,,
Curve13210,g,,,,,
Curve13211,g,,,,,
Curve13212,g,,,,,
Curve13213,g,,,,,
Curve13214,g,,,,,
Curve13215,g,,,,,
Curve13216,g,,,,,
Curve13217,g,,,,,
Curve13218,g,,,,,
Curve13219,g,,,,,
Curve13220,g,,,,,
Curve13221,g,,,,,
Curve13222,g,,,,,
Curve13223,g,,,,,
Curve13224,g,,,,,
Curve13225,g,,,,,
Curve13226,g,,,,,
Curve13227,g,,,,,
Curve13228,g,,,,,
Curve13229,g,,,,,
Curve13230,g,,,,,
Curve13231,g,,,,,
Curve13232,g,,,,,
Curve13233,g,,,,,
Curve13234,g,,,,,
Curve13235,g,,,,,
Curve13236,g,,,,,
Curve13237,g,,,,,
Curve13238,g,,,,,
Curve13239,g,,,,,
Curve13240,g,,,,,
Curve13241,g,,,,,
Curve13242,g,,,,,
Curve13243,g,,,,,
Curve13244,g,,,,,
Curve13245,g,,,,,
Curve13246,g,,,,,
Curve13247,g,,,,,
Curve13248,g,,,,,
Curve13249,g,,,,,
Curve13250,g,,,,,
Curve13251,g,,,,,
Curve13252,g,,,,,
Curve13253,g,,,,,
Curve13254,g,,,,,
Curve13255,g,,,,,
Curve13256,g,,,,,
Curve13257,g,,,,,
Curve13258,g,,,,,
Curve13259,g,,,,,
Curve13260,g,,,,,
Curve13261,g,,,,,
Curve13262,g,,,,,
Curve13263,g,,,,,
Curve13264,g,,,,,
Curve13265,g,,,,,
Curve13266,g,,,,,
Curve13267,g,,,,,
Curve13268,g,,,,,
Curve13269,g,,,,,
Curve13270,g,,,,,
Curve13271,g,,,,,
Curve13272,g,,,,,
Curve13273,g,,,,,
Curve13274,g,,,,,
Curve13275,g,,,,,
Curve13276,g,,,,,
Curve13277,g,,,,,
Curve13278,g,,,,,
Curve13279,g,,,,,
Curve13280,g,,,,,
Curve13281,g,,,,,
Curve13282,g,,,,,
Curve13283,g,,,,,
Curve13284,g,,,,,
Curve13285,g,,,,,
Curve13286,g,,,,,
Curve13287,g,,,,,
Curve13288,g,,,,,
Curve13289,g,,,,,
Curve13290,g,,,,,
Curve13291,g,,,,,
Curve13292,g,,,,,
Curve13293,g,,,,,
Curve13294,g,,,,,
Curve13295,g,,,,,
Curve13296,g,,,,,
Curve13297,g,,,,,
Curve13298,g,,,,,
Curve13299,g,,,,,
Curve13300,g,,,,,
Curve13301,g,,,,,
Curve13302,g,,,,,
Curve13303,g,,,,,
Curve13304,g,,,,,
Curve13305,g,,,,,
Curve13306,g,,,,,
Curve13307,g,,,,,
Curve13308,g,,,,,
Curve13309,g,,,,,
Curve13310,g,,,,,
Curve13311,g,,,,,
Curve13312,g,,,,,
Curve13313,g,,,,,
Curve13314,g,,,,,
Curve13315,g,,,,,
Curve13316,g,,,,,
Curve13317,g,,,,,
Curve13318,g,,,,,
Curve13319,g,,,,,
Curve13320,g,,,,,
Curve13321,g,,,,,
Curve13322,g,,,,,
Curve13323,g,,,,,
Curve13324,g,,,,,
Curve13325,g,,,,,
Curve13326,g,,,,,
Curve13327,g,,,,,
Curve13328,g,,,,,
Curve13329,g,,,,,
Curve13330,g,,,,,
Curve13331,g,,,,,
Curve13332,g,,,,,
Curve13333,g,,,,,
Curve13334,g,,,,,
Curve13335,g,,,,,
Curve13336,g,,,,,
Curve13337,g,,,,,
Curve13338,g,,,,,
Curve13339,g,,,,,
Curve13340,g,,,,,
Curve13341,g,,,,,
Curve13342,g,,,,,
Curve13343,g,,,,,
Curve13344,g,,,,,
Curve13345,g,,,,,
Curve13346,g,,,,,
Curve13347,g,,,,,
Curve13348,g,,,,,
Curve13349,g,,,,,
Curve13350,g,,,,,
Curve13351,g,,,,,
Curve13352,g,,,,,
Curve13353,g,,,,,
Curve13354,g,,,,,
Curve13355,g,,,,,
Curve13356,g,,,,,
Curve13357,g,,,,,
Curve13358,g,,,,,
Curve13359,g,,,,,
Curve13360,g,,,,,
Curve13361,g,,,,,
Curve13362,g,,,,,
Curve13363,g,,,,,
Curve13364,g,,,,,
Curve13365,g,,,,,
Curve13366,g,,,,,
Curve13367,g,,,,,
Curve13368,g,,,,,
Curve13369,g,,,,,
Curve13370,g,,,,,
Curve13371,g,,,,,
Curve13372,g,,,,,
Curve13373,g,,,,,
Curve13374,g,,,,,
Curve13375,g,,,,,
Curve13376,g,,,,,
Curve13377,g,,,,,
Curve13378,g,,,,,
Curve13379,g,,,,,
Curve13380,g,,,,,
Curve13381,g,,,,,
Curve13382,g,,,,,
Curve13383,g,,,,,
Curve13384,g,,,,,
Curve13385,g,,,,,
Curve13386,g,,,,,
Curve13387,g,,,,,
Curve13388,g,,,,,
Curve13389,g,,,,,
Curve13390,g,,,,,
Curve13391,g,,,,,
Curve13392,g,,,,,
Curve13393,g,,,,,
Curve13394,g,,,,,
Curve13395,g,,,,,
Curve13396,g,,,,,
Curve13397,g,,,,,
Curve13398,g,,,,,
Curve13399,g,,,,,
Curve13400,g,,,,,
Curve13401,g,,,,,
Curve13402,g,,,,,
Curve13403,g,,,,,
Curve13404,g,,,,,
Curve13405,g,,,,,
Curve13406,g,,,,,
Curve13407,g,,,,,
Curve13408,g,,,,,
Curve13409,g,,,,,
Curve13410,g,,,,,
Curve13411,g,,,,,
Curve13412,g,,,,,
Curve13413,g,,,,,
Curve13414,g,,,,,
Curve13415,g,,,,,
Curve13416,g,,,,,
Curve13417,g,,,,,
Curve13418,g,,,,,
Curve13419,g,,,,,
Curve13420,g,,,,,
Curve13421,g,,,,,
Curve13422,g,,,,,
Curve13423,g,,,,,
Curve13424,g,,,,,
Curve13425,g,,,,,
Curve13426,g,,,,,
Curve13427,g,,,,,
Curve13428,g,,,,,
Curve13429,g,,,,,
Curve13430,g,,,,,
Curve13431,g,,,,,
Curve13432,g,,,,,
Curve13433,g,,,,,
Curve13434,g,,,,,
Curve13435,g,,,,,
Curve13436,g,,,,,
Curve13437,g,,,,,
Curve13438,g,,,,,
Curve13439,g,,,,,
Curve13440,g,,,,,
Curve13441,g,,,,,
Curve13442,g,,,,,
Curve13443,g,,,,,
Curve13444,g,,,,,
Curve13445,g,,,,,
Curve13446,g,,,,,
Curve13447,g,,,,,
Curve13448,g,,,,,
Curve13449,g,,,,,
Curve13450,g,,,,,
Curve13451,g,,,,,
Curve13452,g,,,,,
Curve13453,g,,,,,
Curve13454,g,,,,,
Curve13455,g,,,,,
Curve13456,g,,,,,
Curve13457,g,,,,,
Curve13458,g,,,,,
Curve13459,g,,,,,
Curve13460,g,,,,,
Curve13461,g,,,,,
Curve13462,g,,,,,
Curve13463,g,,,,,
Curve13464,g,,,,,
Curve13465,g,,,,,
Curve13466,g,,,,,
Curve13467,g,,,,,
Curve13468,g,,,,,
Curve13469,g,,,,,
Curve13470,g,,,,,
Curve13471,g,,,,,
Curve13472,g,,,,,
Curve13473,g,,,,,
Curve13474,g,,,,,
Curve13475,g,,,,,
Curve13476,g,,,,,
Curve13477,g,,,,,
Curve13478,g,,,,,
Curve13479,g,,,,,
Curve13480,g,,,,,
Curve13481,g,,,,,
Curve13482,g,,,,,
Curve13483,g,,,,,
Curve13484,g,,,,,
Curve13485,g,,,,,
Curve13486,g,,,,,
Curve13487,g,,,,,
Curve13488,g,,,,,
Curve13489,g,,,,,
Curve13490,g,,,,,
Curve13491,g,,,,,
Curve13492,g,,,,,
Curve13493,g,,,,,
Curve13494,g,,,,,
Curve13495,g,,,,,
Curve13496,g,,,,,
Curve13497,g,,,,,
Curve13498,g,,,,,
Curve13499,g,,,,,
Curve13500,g,,,,,
Curve13501,g,,,,,
Curve13502,g,,,,,
Curve13503,g,,,,,
Curve13504,g,,,,,
Curve13505,g,,,,,
Curve13506,g,,,,,
Curve13507,g,,,,,
Curve13508,g,,,,,
Curve13509,g,,,,,
Curve13510,g,,,,,
Curve13511,g,,,,,
Curve13512,g,,,,,
Curve13513,g,,,,,
Curve13514,g,,,,,
Curve13515,g,,,,,
Curve13516,g,,,,,
Curve13517,g,,,,,
Curve13518,g,,,,,
Curve13519,g,,,,,
Curve13520,g,,,,,
Curve13521,g,,,,,
Curve13522,g,,,,,
Curve13523,g,,,,,
Curve13524,g,,,,,
Curve13525,g,,,,,
Curve13526,g,,,,,
Curve13527,g,,,,,
Curve13528,g,,,,,
Curve13529,g,,,,,
Curve13530,g,,,,,
Curve13531,g,,,,,
Curve13532,g,,,,,
Curve13533,g,,,,,
Curve13534,g,,,,,
Curve13535,g,,,,,
Curve13536,g,,,,,
Curve13537,g,,,,,
Curve13538,g,,,,,
Curve13539,g,,,,,
Curve13540,g,,,,,
Curve13541,g,,,,,
Curve13542,g,,,,,
Curve13543,g,,,,,
Curve13544,g,,,,,
Curve13545,g,,,,,
Curve13546,g,,,,,
Curve13547,g,,,,,
Curve13548,g,,,,,
Curve13549,g,,,,,
Curve13550,g,,,,,
Curve13551,g,,,,,
Curve13552,g,,,,,
Curve13553,g,,,,,
Curve13554,g,,,,,
Curve13555,g,,,,,
Curve13556,g,,,,,
Curve13557,g,,,,,
Curve13558,g,,,,,
Curve13559,g,,,,,
Curve13560,g,,,,,
Curve13561,g,,,,,
Curve13562,g,,,,,
Curve13563,g,,,,,
Curve13564,g,,,,,
Curve13565,g,,,,,
Curve13566,g,,,,,
Curve13567,g,,,,,
Curve13568,g,,,,,
Curve13569,g,,,,,
Curve13570,g,,,,,
Curve13571,g,,,,,
Curve13572,g,,,,,
Curve13573,g,,,,,
Curve13574,g,,,,,
Curve13575,g,,,,,
Curve13576,g,,,,,
Curve13577,g,,,,,
Curve13578,g,,,,,
Curve13579,g,,,,,
Curve13580,g,,,,,
Curve13581,g,,,,,
Curve13582,g,,,,,
Curve13583,g,,,,,
Curve13584,g,,,,,
Curve13585,g,,,,,
Curve13586,g,,,,,
Curve13587,g,,,,,
Curve13588,g,,,,,
Curve13589,g,,,,,
Curve13590,g,,,,,
Curve13591,g,,,,,
Curve13592,g,,,,,
Curve13593,g,,,,,
Curve13594,g,,,,,
Curve13595,g,,,,,
Curve13596,g,,,,,
Curve13597,g,,,,,
Curve13598,g,,,,,
Curve13599,g,,,,,
Curve13600,g,,,,,
Curve13601,g,,,,,
Curve13602,g,,,,,
Curve13603,g,,,,,
Curve13604,g,,,,,
Curve13605,g,,,,,
Curve13606,g,,,,,
Curve13607,g,,,,,
Curve13608,g,,,,,
